схема,шаг h,ошибка Эйлер,ошибка RK4,ошибка RK45,порядок Эйлер,порядок RK4
звено 1-го порядка,0.2,4.02e-02,5.80e-06,1.84e-09,—,—
звено 1-го порядка,0.1,1.92e-02,3.33e-07,1.90e-09,1.07,4.12
звено 1-го порядка,0.05,9.39e-03,2.00e-08,1.91e-09,1.03,4.06
звено 1-го порядка,0.025,4.65e-03,1.22e-09,1.91e-09,1.02,4.03
звено 1-го порядка,0.0125,2.31e-03,7.56e-11,1.92e-09,1.01,4.02
колебательное звено,0.2,4.01e-01,2.98e-04,3.61e-09,—,—
колебательное звено,0.1,1.52e-01,1.78e-05,3.61e-09,1.40,4.06
колебательное звено,0.05,6.95e-02,1.09e-06,3.61e-09,1.13,4.03
колебательное звено,0.025,3.33e-02,6.74e-08,3.61e-09,1.06,4.02
колебательное звено,0.0125,1.63e-02,4.19e-09,3.61e-09,1.03,4.01
замкнутый контур с ПИД,0.2,1.20e+02,3.89e-03,7.35e-09,—,—
замкнутый контур с ПИД,0.1,2.11e+00,2.37e-04,7.35e-09,5.83,4.04
замкнутый контур с ПИД,0.05,2.75e-01,1.46e-05,7.35e-09,2.94,4.02
замкнутый контур с ПИД,0.025,1.06e-01,9.08e-07,7.37e-09,1.38,4.01
замкнутый контур с ПИД,0.0125,4.74e-02,5.65e-08,7.43e-09,1.15,4.01
