scenario_slug,solver,iteration,duration_ms
second_order_oscillator,rk4,1,42.04273800132796
second_order_oscillator,rk4,2,42.28010900078516
second_order_oscillator,rk4,3,42.13287200036575
second_order_oscillator,rk4,4,41.57274199860694
second_order_oscillator,rk4,5,42.0311510006286
second_order_oscillator,rk4,6,41.2618520003889
second_order_oscillator,rk4,7,41.445062999628135
second_order_oscillator,rk4,8,41.635886000221944
second_order_oscillator,rk4,9,41.35544000018854
second_order_oscillator,rk4,10,41.99262399924919
second_order_oscillator,rk4,11,41.93259499879787
second_order_oscillator,rk4,12,41.573463000531774
second_order_oscillator,rk4,13,41.34725800031447
second_order_oscillator,rk4,14,41.60069399949862
second_order_oscillator,rk4,15,42.60783499921672
second_order_oscillator,rk4,16,42.41345699847443
second_order_oscillator,rk4,17,46.966769001301145
second_order_oscillator,rk4,18,41.57011800089094
second_order_oscillator,rk4,19,41.424602999541094
second_order_oscillator,rk4,20,41.43786200074828
second_order_oscillator,rk4,21,41.788291000557365
second_order_oscillator,rk4,22,40.91260399945895
second_order_oscillator,rk4,23,41.19709600126953
second_order_oscillator,rk4,24,41.10868499992648
second_order_oscillator,rk4,25,41.221131999918725
second_order_oscillator,rk4,26,41.09864000020025
second_order_oscillator,rk4,27,40.80774999965797
second_order_oscillator,rk4,28,40.5807030001597
second_order_oscillator,rk4,29,40.990550000060466
second_order_oscillator,rk4,30,40.85904500061588
second_order_oscillator,rk4,31,40.86392300087027
second_order_oscillator,rk4,32,40.929819999291794
second_order_oscillator,rk4,33,41.13610499916831
second_order_oscillator,rk4,34,41.23360999983561
second_order_oscillator,rk4,35,40.91592899931129
second_order_oscillator,rk4,36,41.21914900133561
second_order_oscillator,rk4,37,41.27932799929113
second_order_oscillator,rk4,38,41.13152799982345
second_order_oscillator,rk4,39,41.06793400023889
second_order_oscillator,rk4,40,42.00430099990626
second_order_oscillator,rk4,41,41.26935299973411
second_order_oscillator,rk4,42,40.83802399873093
second_order_oscillator,rk4,43,41.5005349987041
second_order_oscillator,rk4,44,40.728771999056335
second_order_oscillator,rk4,45,41.12202400028764
second_order_oscillator,rk4,46,41.20228299871087
second_order_oscillator,rk4,47,41.16353599965805
second_order_oscillator,rk4,48,41.33397899931879
second_order_oscillator,rk4,49,41.00231699885626
second_order_oscillator,rk4,50,41.052762000617804
second_order_oscillator,rk4,51,40.711386000111816
second_order_oscillator,rk4,52,40.817604000039864
second_order_oscillator,rk4,53,41.21039500023471
second_order_oscillator,rk4,54,41.357343001436675
second_order_oscillator,rk4,55,40.86974100027874
second_order_oscillator,rk4,56,41.061354999328614
second_order_oscillator,rk4,57,40.93728099906002
second_order_oscillator,rk4,58,40.80215099929774
second_order_oscillator,rk4,59,40.613021001263405
second_order_oscillator,rk4,60,40.79031400033273
second_order_oscillator,rk4,61,40.82685699904687
second_order_oscillator,rk4,62,41.02679300012824
second_order_oscillator,rk4,63,40.71965799994359
second_order_oscillator,rk4,64,40.580632999990485
second_order_oscillator,rk4,65,40.771655998469214
second_order_oscillator,rk4,66,40.808590998494765
second_order_oscillator,rk4,67,41.42385199884302
second_order_oscillator,rk4,68,40.65162799997779
second_order_oscillator,rk4,69,40.59374300049967
second_order_oscillator,rk4,70,40.59497399975953
second_order_oscillator,rk4,71,40.52584199962439
second_order_oscillator,rk4,72,40.909810000812286
second_order_oscillator,rk4,73,40.99835200031521
second_order_oscillator,rk4,74,42.464703001314774
second_order_oscillator,rk4,75,40.93368599933456
second_order_oscillator,rk4,76,40.877331999581656
second_order_oscillator,rk4,77,40.95504799988703
second_order_oscillator,rk4,78,41.61763900083315
second_order_oscillator,rk4,79,41.36416300025303
second_order_oscillator,rk4,80,41.23590299968782
second_order_oscillator,rk4,81,40.74896200108924
second_order_oscillator,rk4,82,41.17264899832662
second_order_oscillator,rk4,83,40.939443999377545
second_order_oscillator,rk4,84,40.93250400001125
second_order_oscillator,rk4,85,41.19017500124755
second_order_oscillator,rk4,86,41.96302000127616
second_order_oscillator,rk4,87,41.349040999193676
second_order_oscillator,rk4,88,40.71802600083174
second_order_oscillator,rk4,89,42.20358599923202
second_order_oscillator,rk4,90,41.145330000290414
second_order_oscillator,rk4,91,41.348529999595485
second_order_oscillator,rk4,92,40.9341359991231
second_order_oscillator,rk4,93,40.573472000687616
second_order_oscillator,rk4,94,40.685768999537686
second_order_oscillator,rk4,95,41.229943999496754
second_order_oscillator,rk4,96,40.7268290000502
second_order_oscillator,rk4,97,40.81805499845359
second_order_oscillator,rk4,98,40.70345500076655
second_order_oscillator,rk4,99,46.23158100002911
second_order_oscillator,rk4,100,45.91800599882845
second_order_oscillator,solve_ivp,1,17.121503999078413
second_order_oscillator,solve_ivp,2,16.66329600084282
second_order_oscillator,solve_ivp,3,17.84694900015893
second_order_oscillator,solve_ivp,4,17.158988999653957
second_order_oscillator,solve_ivp,5,16.781960999651346
second_order_oscillator,solve_ivp,6,16.76498600136256
second_order_oscillator,solve_ivp,7,16.83035300084157
second_order_oscillator,solve_ivp,8,16.733099000703078
second_order_oscillator,solve_ivp,9,16.85190500029421
second_order_oscillator,solve_ivp,10,17.170075998365064
second_order_oscillator,solve_ivp,11,17.26523700017424
second_order_oscillator,solve_ivp,12,16.541233999305405
second_order_oscillator,solve_ivp,13,16.991282000162755
second_order_oscillator,solve_ivp,14,16.67455200004042
second_order_oscillator,solve_ivp,15,17.139511001005303
second_order_oscillator,solve_ivp,16,16.926565000176197
second_order_oscillator,solve_ivp,17,17.115134000050602
second_order_oscillator,solve_ivp,18,16.755321999880834
second_order_oscillator,solve_ivp,19,16.881949000890017
second_order_oscillator,solve_ivp,20,16.940585999691393
second_order_oscillator,solve_ivp,21,16.955757999312482
second_order_oscillator,solve_ivp,22,16.96787599939853
second_order_oscillator,solve_ivp,23,16.964280999673065
second_order_oscillator,solve_ivp,24,17.048064999471535
second_order_oscillator,solve_ivp,25,16.768912000770797
second_order_oscillator,solve_ivp,26,16.764015001172083
second_order_oscillator,solve_ivp,27,17.17115700012073
second_order_oscillator,solve_ivp,28,17.08878499994171
second_order_oscillator,solve_ivp,29,17.213189999893075
second_order_oscillator,solve_ivp,30,16.715642999770353
second_order_oscillator,solve_ivp,31,17.332416000499506
second_order_oscillator,solve_ivp,32,17.139501000201562
second_order_oscillator,solve_ivp,33,16.853346998686902
second_order_oscillator,solve_ivp,34,16.71286900091218
second_order_oscillator,solve_ivp,35,16.985121999823605
second_order_oscillator,solve_ivp,36,16.511671001353534
second_order_oscillator,solve_ivp,37,16.612571000223397
second_order_oscillator,solve_ivp,38,17.022848000124213
second_order_oscillator,solve_ivp,39,16.84927099995548
second_order_oscillator,solve_ivp,40,16.98223799940024
second_order_oscillator,solve_ivp,41,17.03132000147889
second_order_oscillator,solve_ivp,42,17.05946199945174
second_order_oscillator,solve_ivp,43,16.982267999992473
second_order_oscillator,solve_ivp,44,16.877153000677936
second_order_oscillator,solve_ivp,45,17.573652999999467
second_order_oscillator,solve_ivp,46,16.789022000011755
second_order_oscillator,solve_ivp,47,16.68951400097285
second_order_oscillator,solve_ivp,48,16.441146999568446
second_order_oscillator,solve_ivp,49,16.630906999125727
second_order_oscillator,solve_ivp,50,16.985562000627397
second_order_oscillator,solve_ivp,51,16.84713800023019
second_order_oscillator,solve_ivp,52,16.961917999651632
second_order_oscillator,solve_ivp,53,16.68912300010561
second_order_oscillator,solve_ivp,54,16.88022700000147
second_order_oscillator,solve_ivp,55,16.91493799989985
second_order_oscillator,solve_ivp,56,16.68484699985129
second_order_oscillator,solve_ivp,57,16.65468300052453
second_order_oscillator,solve_ivp,58,16.539201998966746
second_order_oscillator,solve_ivp,59,17.266638998989947
second_order_oscillator,solve_ivp,60,16.769303001638036
second_order_oscillator,solve_ivp,61,16.764444999353145
second_order_oscillator,solve_ivp,62,16.842591001477558
second_order_oscillator,solve_ivp,63,16.831805000038003
second_order_oscillator,solve_ivp,64,16.987054001219803
second_order_oscillator,solve_ivp,65,16.99225300035323
second_order_oscillator,solve_ivp,66,16.90392199998314
second_order_oscillator,solve_ivp,67,16.71572300074331
second_order_oscillator,solve_ivp,68,16.89987600002496
second_order_oscillator,solve_ivp,69,16.91284499975154
second_order_oscillator,solve_ivp,70,18.583147999379435
second_order_oscillator,solve_ivp,71,16.5084759992169
second_order_oscillator,solve_ivp,72,16.607633000603528
second_order_oscillator,solve_ivp,73,16.611758999715676
second_order_oscillator,solve_ivp,74,16.62476800083823
second_order_oscillator,solve_ivp,75,16.41551799912122
second_order_oscillator,solve_ivp,76,16.40772700011439
second_order_oscillator,solve_ivp,77,16.93577900005039
second_order_oscillator,solve_ivp,78,16.836983000757755
second_order_oscillator,solve_ivp,79,16.906806999031687
second_order_oscillator,solve_ivp,80,16.963469999609515
second_order_oscillator,solve_ivp,81,16.419764999227482
second_order_oscillator,solve_ivp,82,16.281879999951343
second_order_oscillator,solve_ivp,83,16.29206600046018
second_order_oscillator,solve_ivp,84,16.385282999181072
second_order_oscillator,solve_ivp,85,16.494655999849783
second_order_oscillator,solve_ivp,86,16.611778999504168
second_order_oscillator,solve_ivp,87,16.99347400062834
second_order_oscillator,solve_ivp,88,17.30024899916316
second_order_oscillator,solve_ivp,89,17.175463999592466
second_order_oscillator,solve_ivp,90,16.95493700026418
second_order_oscillator,solve_ivp,91,17.218356999364914
second_order_oscillator,solve_ivp,92,16.528575999473105
second_order_oscillator,solve_ivp,93,16.570158000831725
second_order_oscillator,solve_ivp,94,16.61776800028747
second_order_oscillator,solve_ivp,95,16.845785999976215
second_order_oscillator,solve_ivp,96,16.474955999001395
second_order_oscillator,solve_ivp,97,16.439663999335608
second_order_oscillator,solve_ivp,98,16.51040899923828
second_order_oscillator,solve_ivp,99,16.786869000497973
second_order_oscillator,solve_ivp,100,16.75581199924636
