scenario_slug,scenario_title,solver,dt,max_abs_error,rmse,final_value_error
integrator,Интегратор с единичным входом,rk4,0.2,0.0,0.0,0.0
integrator,Интегратор с единичным входом,solve_ivp,0.2,4.440892098500626e-16,1.689731085869606e-16,0.0
integrator,Интегратор с единичным входом,rk4,0.1,0.0,0.0,0.0
integrator,Интегратор с единичным входом,solve_ivp,0.1,4.440892098500626e-16,1.533257012897844e-16,0.0
integrator,Интегратор с единичным входом,rk4,0.05,0.0,0.0,0.0
integrator,Интегратор с единичным входом,solve_ivp,0.05,4.440892098500626e-16,1.5027151625620984e-16,0.0
integrator,Интегратор с единичным входом,rk4,0.02,0.0,0.0,0.0
integrator,Интегратор с единичным входом,solve_ivp,0.02,4.440892098500626e-16,1.591416302679332e-16,0.0
integrator,Интегратор с единичным входом,rk4,0.01,0.0,0.0,0.0
integrator,Интегратор с единичным входом,solve_ivp,0.01,4.440892098500626e-16,1.5734076983680476e-16,0.0
integrator,Интегратор с единичным входом,rk4,0.005,0.0,0.0,0.0
integrator,Интегратор с единичным входом,solve_ivp,0.005,4.440892098500626e-16,1.572388328454842e-16,0.0
first_order_lag,Апериодическое звено 1-го порядка,rk4,0.2,0.00021557950359607503,0.00010281926111876903,-1.6023379492136058e-06
first_order_lag,Апериодическое звено 1-го порядка,solve_ivp,0.2,3.762355538228235e-09,2.0008295189432515e-09,-3.033074902347721e-09
first_order_lag,Апериодическое звено 1-го порядка,rk4,0.1,1.159390771920954e-05,5.502540962383187e-06,-8.458286759882583e-08
first_order_lag,Апериодическое звено 1-го порядка,solve_ivp,0.1,3.762355538228235e-09,2.19919227994463e-09,-3.033074902347721e-09
first_order_lag,Апериодическое звено 1-го порядка,rk4,0.05,6.664821121660225e-07,3.182774649019622e-07,-4.8620396597698345e-09
first_order_lag,Апериодическое звено 1-го порядка,solve_ivp,0.05,3.825329386586418e-09,1.9684312129652434e-09,-3.033074902347721e-09
first_order_lag,Апериодическое звено 1-го порядка,rk4,0.02,1.6228470789414473e-08,7.778764195399548e-09,-1.1838774405248387e-10
first_order_lag,Апериодическое звено 1-го порядка,solve_ivp,0.02,3.785344260265333e-09,1.893800508708053e-09,-3.033074902347721e-09
first_order_lag,Апериодическое звено 1-го порядка,rk4,0.01,9.97503191157989e-10,4.787271758353444e-10,-7.276845792603126e-12
first_order_lag,Апериодическое звено 1-го порядка,solve_ivp,0.01,3.825329386586418e-09,1.8902840238761166e-09,-3.033074902347721e-09
first_order_lag,Апериодическое звено 1-го порядка,rk4,0.005,6.182565570611587e-11,2.9690444277422064e-11,-4.505285033928885e-13
first_order_lag,Апериодическое звено 1-го порядка,solve_ivp,0.005,3.825690431114026e-09,1.889947013411313e-09,-3.033074902347721e-09
second_order_oscillator,Колебательное звено 2-го порядка,rk4,0.2,0.0031995211035269477,0.0016561342972070926,0.0007098814170969359
second_order_oscillator,Колебательное звено 2-го порядка,solve_ivp,0.2,7.57002638351878e-09,3.866411662602272e-09,2.8351194725217965e-09
second_order_oscillator,Колебательное звено 2-го порядка,rk4,0.1,0.00019669960713608603,9.906648501749499e-05,3.2474231856483016e-05
second_order_oscillator,Колебательное звено 2-го порядка,solve_ivp,0.1,7.57002638351878e-09,3.888835255364551e-09,2.8351194725217965e-09
second_order_oscillator,Колебательное звено 2-го порядка,rk4,0.05,1.1960773414809722e-05,6.059358451105118e-06,1.6472868511474559e-06
second_order_oscillator,Колебательное звено 2-го порядка,solve_ivp,0.05,7.57002638351878e-09,3.886626321760092e-09,2.8351194725217965e-09
second_order_oscillator,Колебательное звено 2-го порядка,rk4,0.02,3.0102879744475786e-07,1.5311914629552845e-07,3.622754674026396e-08
second_order_oscillator,Колебательное звено 2-го порядка,solve_ivp,0.02,7.601284712777101e-09,3.845474936696928e-09,2.8351194725217965e-09
second_order_oscillator,Колебательное звено 2-го порядка,rk4,0.01,1.8698683046380893e-08,9.528514091175552e-09,2.139978860782321e-09
second_order_oscillator,Колебательное звено 2-го порядка,solve_ivp,0.01,7.644127109074361e-09,3.8702923309155195e-09,2.8351194725217965e-09
second_order_oscillator,Колебательное звено 2-го порядка,rk4,0.005,1.1651470899209926e-09,5.942405924626344e-10,1.298623431011947e-10
second_order_oscillator,Колебательное звено 2-го порядка,solve_ivp,0.005,7.679902935819882e-09,3.871565281702854e-09,2.8351194725217965e-09
butterworth_lpf,ФНЧ Баттерворта 2-го порядка,rk4,0.2,0.16896833907121334,0.05613158414119717,-9.214313788985518e-05
butterworth_lpf,ФНЧ Баттерворта 2-го порядка,solve_ivp,0.2,1.663545301511249e-09,8.807721081874661e-10,2.680566879575963e-11
butterworth_lpf,ФНЧ Баттерворта 2-го порядка,rk4,0.1,0.007617444290253572,0.00252720652253673,2.67607768500433e-07
butterworth_lpf,ФНЧ Баттерворта 2-го порядка,solve_ivp,0.1,2.7976732042134245e-09,9.64996653531701e-10,2.6806001862667017e-11
butterworth_lpf,ФНЧ Баттерворта 2-го порядка,rk4,0.05,0.0004322313153901636,0.00013409808733200914,1.3644521734690329e-08
butterworth_lpf,ФНЧ Баттерворта 2-го порядка,solve_ivp,0.05,2.797673537280332e-09,8.834841634427528e-10,2.6806445951876867e-11
butterworth_lpf,ФНЧ Баттерворта 2-го порядка,rk4,0.02,9.928137725045971e-06,3.0545389532519583e-06,3.040814267052383e-10
butterworth_lpf,ФНЧ Баттерворта 2-го порядка,solve_ivp,0.02,2.797673537280332e-09,1.0103037427488329e-09,2.6806334929574405e-11
butterworth_lpf,ФНЧ Баттерворта 2-го порядка,rk4,0.01,5.94500988659874e-07,1.830304256176877e-07,1.800659621409295e-11
butterworth_lpf,ФНЧ Баттерворта 2-го порядка,solve_ivp,0.01,4.5289705874473896e-09,1.0123005010163176e-09,2.6804447550432542e-11
butterworth_lpf,ФНЧ Баттерворта 2-го порядка,rk4,0.005,3.6375495393592416e-08,1.1193946144472463e-08,1.0913492332065289e-12
butterworth_lpf,ФНЧ Баттерворта 2-го порядка,solve_ivp,0.005,4.528970920514297e-09,1.0280754566787818e-09,2.6802893238198067e-11
