time,analytic,rk4,solve_ivp
0.0,0.0,0.0,0.0
0.005,0.00016840984918675694,0.00016840984218750003,0.00016840985726295602
0.01,0.0006722576993823393,0.0006722576852314695,0.0006722576998194844
0.015,0.0015094239241785212,0.0015094239027293832,0.0015094239541103753
0.02,0.0026777268061562443,0.00267772677726838,0.0026777268229625792
0.025,0.004174923397724184,0.004174923361263441,0.004174923400910917
0.03,0.005998710390542783,0.005998710346381283,0.0059987104362572916
0.035,0.008146724993288113,0.008146724941303592,0.008146725005733192
0.04,0.010616545817505596,0.010616545757582767,0.010616545835269301
0.045,0.013405693771313953,0.01340569370334312,0.013405693835385818
0.05,0.01651163296070174,0.01651163288458004,0.016511632975777638
0.055,0.01993177159817966,0.019931771513809537,0.01993177162431271
0.06,0.02366346291852922,0.023663462825820387,0.02366346301322742
0.065,0.027704006101413214,0.027704006000280897,0.027704006132982992
0.07,0.03205064720058676,0.03205064709095238,0.03205064721324661
0.075,0.03670058007946975,0.03670057996126134,0.03670058021121906
0.08,0.04165094735283126,0.04165094722598256,0.041650947436031364
0.085,0.046898841334334085,0.04689884119878508,0.04689884134341682
0.09,0.052441304989696624,0.052441304845393666,0.05244130510965551
0.095,0.0582753328952228,0.05827533274211829,0.05827533307846813
0.1,0.06439787220145204,0.06439787203950435,0.06439787225863955
0.105,0.07080582360168325,0.07080582343085709,0.07080582361660663
0.11,0.0774960423051273,0.07749604212539359,0.07749604253353927
0.115,0.08446533901444148,0.08446533882577636,0.08446533923544493
0.12,0.0917104809073967,0.09171048070978324,0.0917104809594135
0.125,0.09922819262244181,0.0992281924158684,0.09922819266253084
0.13,0.10701515724790867,0.10701515703237018,0.107015157566659
0.135,0.11506801731462524,0.11506801709012213,0.11506801760763122
0.14,0.12338337579168529,0.12338337555822415,0.1233833758671265
0.145,0.13195779708513833,0.13195779684273143,0.13195779711428135
0.15,0.1407878080393546,0.14078780778801986,0.1407878084162073
0.155,0.14986989894082542,0.14986989868058684,0.14986989936573572
0.16,0.15920052452416156,0.15920052425504846,0.15920052468150836
0.165,0.1687761049800457,0.1687761047020936,0.16877610499729376
0.17,0.1785930269649078,0.17859302667815735,0.17859302729294788
0.17500000000000002,0.18864764461207933,0.1886476443165773,0.1886476452026754
0.18,0.19893628054419799,0.19893628023999618,0.19893628090159854
0.185,0.20945522688662194,0.20945522657377758,0.20945522694582575
0.19,0.22020074628162356,0.22020074596019965,0.22020074638315473
0.195,0.2311690729031317,0.2311690725731964,0.23116907353247818
0.2,0.24235641347178727,0.24235641313341444,0.2423564141490473
0.20500000000000002,0.25375894827008794,0.253758947923356,0.2537589485555317
0.21,0.265372832157387,0.26537283180238014,0.2653728321784007
0.215,0.2771941955845282,0.27719419522133526,0.27719419587170696
0.22,0.28921914560788187,0.2892191452365969,0.28921914645877117
0.225,0.3014437669025656,0.30144376652328797,0.30144376766185355
0.23,0.3138641227746245,0.31386412238745826,0.3138641230454062
0.23500000000000001,0.3264762561719485,0.32647625577700257,0.326476256174917
0.24,0.3392761906937104,0.33927619029109835,0.3392761910807794
0.245,0.3522599315981049,0.3522599311879453,0.35225993262403876
0.25,0.3654234668081749,0.36542346639059053,0.3654234677219079
0.255,0.3787627679155073,0.37876276749062604,0.3787627682573562
0.26,0.39227379118159106,0.39227379074954494,0.39227379117280925
0.265,0.4059524785366217,0.40595247809754714,0.40595247885647084
0.27,0.41979475857554627,0.4197947581295842,0.41979475970808494
0.275,0.4337965475511424,0.4337965470984379,0.43379654871800843
0.28,0.44795375036392354,0.4479537499046261,0.4479537509143606
0.28500000000000003,0.46226226154867145,0.4622622610829342,0.46226226156783895
0.29,0.47671796625738927,0.47671796578536985,0.47671796632041136
0.295,0.4913167412384835,0.49131674076034293,0.49131674227940136
0.3,0.5060544558119684,0.5060544553278723,0.5060544572655687
0.305,0.5209269728405087,0.5209269723506259,0.5209269737964157
0.31,0.5359301496960976,0.5359301492006004,0.5359301498984659
0.315,0.5510598392221853,0.5510598387212501,0.5510598391072653
0.32,0.5663118906910684,0.566311890184875,0.5663118912512664
0.325,0.5816821507563532,0.5816821502450847,0.5816821522819098
0.33,0.5971664644003076,0.5971664638841504,0.5971664658998023
0.335,0.6127606758759218,0.6127606753550655,0.612760676581666
0.34,0.6284606296434969,0.6284606291181345,0.6284606296165542
0.34500000000000003,0.644262171301585,0.6442621707719122,0.6442621711494939
0.35000000000000003,0.6601611485121031,0.6601611479783188,0.6601611494840336
0.355,0.6761534119194524,0.6761534113817582,0.6761534137137848
0.36,0.6922348160634693,0.6922348155220696,0.6922348175559002
0.365,0.7084012202860401,0.7084012197411421,0.7084012208283169
0.37,0.724648489631218,0.7246484890830313,0.7246484894497569
0.375,0.740972495738673,0.7409724951874098,0.7409724955852278
0.38,0.7573691177303207,0.7573691171761956,0.7573691188848709
0.385,0.7738342430899663,0.7738342425331963,0.7738342450386606
0.39,0.7903637685358131,0.7903637679766172,0.7903637700872617
0.395,0.8069536008856784,0.8069536003242774,0.8069536013886061
0.4,0.8235996579147674,0.8235996573513849,0.8235996576178934
0.405,0.8402978692058619,0.8402978686407224,0.8402978688920795
0.41000000000000003,0.8570441769917686,0.8570441764250993,0.8570441780520619
0.41500000000000004,0.8738345369898957,0.873834536421925,0.8738345389948153
0.42,0.8906649192288076,0.890664918659766,0.8906649209334708
0.425,0.9075313088666296,0.9075313082967486,0.9075313094805412
0.43,0.9244297070011571,0.9244297064306696,0.9244297066479198
0.435,0.9413561314715481,0.9413561309006885,0.9413561308619736
0.44,0.9583066176514625,0.9583066170804662,0.9583066182797433
0.445,0.9752772192335226,0.9752772186626264,0.9752772211007399
0.45,0.9922640090049737,0.9922640084344154,0.9922640108918841
0.455,1.0092630796144197,1.009263079044438,1.0092630805002105
0.46,1.0262705443295168,1.026270543760351,1.0262705440528672
0.465,1.0432825377855104,1.0432825372174008,1.0432825369571164
0.47000000000000003,1.0602952167244997,1.060295216157687,1.0602952165815578
0.47500000000000003,1.0773047607253219,1.0773047601600474,1.077304762091175
0.48,1.0943073729239465,1.094307372360452,1.0943073748407912
0.485,1.1112992807242779,1.1112992801628052,1.111299281968574
0.49,1.1282767364992585,1.12827673594005,1.1282767365022597
0.495,1.1452360182821804,1.1452360177254783,1.1452360173591534
0.5,1.1621734304481022,1.1621734298941495,1.1621734294477892
0.505,1.1790853043852847,1.1790853038343232,1.179085304784907
0.51,1.1959679991565446,1.1959679986088168,1.1959680006978957
0.515,1.2128179021504493,1.212817901606197,1.212817903623944
0.52,1.2296314297222595,1.2296314291817245,1.229631430159562
0.525,1.2464050278245402,1.2464050272879637,1.2464050270605826
0.53,1.26313517262736,1.2631351720949822,1.2631351712421597
0.535,1.2798183711280013,1.2798183706000625,1.2798183702802197
0.54,1.2964511617501107,1.29645116122685,1.296451162346547
0.545,1.313030114932211,1.313030114413867,1.3130301162009015
0.55,1.3295518337055159,1.329551833192326,1.3295518344906734
0.555,1.3460129542609724,1.3460129537531735,1.34601295389045
0.56,1.362410146505478,1.3624101460033051,1.362410145102016
0.5650000000000001,1.3787401146072011,1.3787401141108884,1.3787401128566832
0.5700000000000001,1.394999597529958,1.3949995970397389,1.3949995967650963
0.5750000000000001,1.4111853695565886,1.4111853690726943,1.4111853699941963
0.58,1.4272942408012732,1.427294240323934,1.4272942415056749
0.585,1.4433230577107532,1.4433230572401976,1.4433230577016676
0.59,1.459268703554398,1.459268703090853,1.4592687024247508
0.595,1.4751280989030837,1.4751280984467747,1.4751280969579437
0.6,1.4908982020968378,1.4908982016479884,1.4908982001267321
0.605,1.5065760097012144,1.506576009260046,1.5065760088413855
0.61,1.5221585569523646,1.5221585565190972,1.522158556967361
0.615,1.5376429181907705,1.5376429177656217,1.5376429181646816
0.62,1.5530262072836107,1.553026206866796,1.5530262064532474
0.625,1.568305578035735,1.5683055776274673,1.5683055762128362
0.63,1.5834782245892178,1.583478224189709,1.5834782221831025
0.635,1.5985413818114802,1.5985413814209382,1.5985413796942038
0.64,1.6134923256719444,1.613492325290576,1.6134923245528896
0.645,1.628328373607225,1.6283283732352334,1.6283283730311955
0.65,1.6430468848748259,1.6430468845124127,1.6430468840444918
0.655,1.6576452608953454,1.6576452605427088,1.6576452592703603
0.66,1.6721209455831727,1.6721209452405086,1.672120943148596
0.665,1.6864714256656754,1.6864714253331772,1.6864714228812054
0.67,1.7006942309908744,1.700694230668732,1.7006942287196603
0.675,1.714786934823603,1.7147869345120035,1.714786933319387
0.68,1.7287471541301567,1.7287471538292845,1.7287471528743337
0.685,1.7425725498514377,1.7425725495614734,1.7425725482166328
0.6900000000000001,1.7562608271645976,1.7562608268857203,1.7562608248179854
0.6950000000000001,1.7698097357331986,1.7698097354655822,1.7698097327896611
0.7000000000000001,1.7832170699458887,1.7832170696897052,1.7832170669080962
0.705,1.7964806691436266,1.796480668899044,1.796480666672743
0.71,1.809598417835458,1.809598417602641,1.809598415858222
0.715,1.8225682459028678,1.8225682456819778,1.8225682439464197
0.72,1.835388128792737,1.8353881285839317,1.8353881264165606
0.725,1.848056087698918,1.8480560875023524,1.8480560847452066
0.73,1.8605701897324678,1.8605701895482925,1.8605701864062567
0.735,1.8729285480805569,1.8729285479089188,1.8729285448972552
0.74,1.8851293221540955,1.8851293219951377,1.8851293194153136
0.745,1.8971707177241042,1.8971707175779673,1.89717071522862
0.75,1.9090509870468761,1.9090509869136953,1.9090509844335626
0.755,1.920768428977953,1.92076842885786,1.9207684259779645
0.76,1.9323213890749726,1.932321388968096,1.9323213856610812
0.765,1.9437082596894255,1.943708259595889,1.9437082561333712
0.77,1.9549274800473606,1.9549274799672844,1.954927476718357
0.775,1.9659775363190977,1.965977536252598,1.9659775332484175
0.78,1.9768569616779903,1.9768569616251792,1.9768569586773164
0.785,1.9875643363482935,1.987564336309279,1.9875643331845454
0.79,1.9980982876421909,1.9980982876170768,1.998098284175323
0.795,2.0084574899860375,2.0084574899749232,2.0084574862805944
0.8,2.0186406649358752,2.0186406649388564,2.0186406612625234
0.805,2.0286465811822874,2.028646581199455,2.0286465776498415
0.81,2.0384740545446456,2.0384740545760858,2.0384740511260544
0.8150000000000001,2.0481219479548214,2.0481219480006176,2.048121944535119
0.8200000000000001,2.057589171430431,2.057589171490661,2.0575891678710008
0.8250000000000001,2.0668746820376684,2.066874682112406,2.0668746782776712
0.8300000000000001,2.0759774838438165,2.0759774839331313,2.075977480022862
0.835,2.084896627859492,2.0848966279634493,2.084896624041311
0.84,2.093631211970711,2.093631212089371,2.0936312082055144
0.845,2.1021803808608395,2.1021803809942585,2.1021803771662286
0.85,2.1105433259225173,2.110543326070747,2.110543322232746
0.855,2.1187192851596333,2.11871928532272,2.118719281372893
0.86,2.1267075430794207,2.1267075432574085,2.1267075392129464
0.865,2.1345074305747826,2.1345074307677088,2.134507426632786
0.87,2.1421183247968987,2.142118325004797,2.1421183208049994
0.875,2.1495396490182292,2.1495396492411287,2.1495396450980357
0.88,2.156770872485989,2.1567708727239134,2.1567708686694247
0.885,2.1638115102661812,2.1638115105191513,2.1638115064657786
0.89,2.1706611230782937,2.170661123346324,2.1706611192227907
0.895,2.177319317120735,2.1773193174038363,2.1773193131678643
0.9,2.183785743887116,2.183785744185295,2.1837857397886054
0.905,2.1900600999734743,2.190060100286732,2.190060095917207
0.91,2.196142126876525,2.1961421272048582,2.1961421229833817
0.915,2.2020316107830538,2.2020316111264555,2.2020316069992636
0.92,2.207728382350543,2.207728382709001,2.2077283785594077
0.925,2.2132323164791323,2.213232316852629,2.213232312580651
0.93,2.21854333207502,2.2185433324635344,2.2185433279654405
0.935,2.223661391805409,2.223661392208915,2.2236613877175806
0.9400000000000001,2.2285865018451023,2.2285865022635694,2.228586497961372
0.9450000000000001,2.233318711614852,2.233318712048245,2.233318707903306
0.9500000000000001,2.2378581135115754,2.2378581139598546,2.237858109832061
0.9550000000000001,2.242204842630543,2.2422048430936643,2.2422048388172415
0.96,2.246359076479652,2.2463590769575656,2.246359072430228
0.965,2.25032103468589,2.250321035178543,2.2503210306769885
0.97,2.254090978694114,2.254090979201449,2.2540909749285616
0.975,2.2576692114582433,2.257669211980198,2.2576692078912197
0.98,2.2610560771249943,2.261056077661502,2.2610560736064675
0.985,2.2642519607102614,2.264251961261251,2.2642519569893977
0.99,2.2672572877682695,2.2672572883336652,2.267257283848306
0.995,2.2700725240536124,2.270072524633334,2.2700725202478407
1.0,2.2726981751762914,2.272698175770255,2.2726981716463253
1.0050000000000001,2.2751347862498807,2.2751347868579974,2.2751347828947757
1.01,2.2773829415329345,2.277382942155111,2.2773829381854274
1.0150000000000001,2.279443264063757,2.2794432646998963,2.279443260448689
1.02,2.2813164152886616,2.2813164159386616,2.2813164116096987
1.025,2.283003094683833,2.283003095347588,2.2830030912264503
1.03,2.2845040393709253,2.284504040048325,2.2845040361694613
1.035,2.2858200237265107,2.285820024417442,2.2858200206217685
1.04,2.2869518589855122,2.2869518596898564,2.286951855730047
1.045,2.2879003928387367,2.28790039355637,2.2879003894423433
1.05,2.2886665090246345,2.2886665097554317,2.288666505776277
1.055,2.2892511269154263,2.2892511276592566,2.289251123919738
1.06,2.2896552010977005,2.289655201854429,2.2896551982261153
1.065,2.2898797209476243,2.2898797217171127,2.289879718047955
1.07,2.2899257102008947,2.289925710983001,2.289925707295277
1.075,2.289794226517551,2.289794227312129,2.289794223744581
1.08,2.28948636104178,2.2894863618486796,2.289486358381215
1.085,2.2890032379568486,2.2890032387759156,2.2890032352881295
1.09,2.288346014035279,2.288346014866356,2.2883460113593657
1.095,2.287515878184412,2.2875158790273376,2.2875158756345497
1.1,2.2865140509874755,2.2865140518420857,2.286514048546278
1.105,2.285341784240298,2.2853417851064233,2.2853417817096373
1.11,2.2840003604837813,2.2840003613612505,2.2840003578110495
1.115,2.282491092532287,2.2824910934209246,2.2824910899982416
1.12,2.280815322998042,2.280815323897669,2.280815320709639
1.125,2.2789744238117113,2.2789744247221453,2.2789744216416565
1.1300000000000001,2.276969795739257,2.2769697966603126,2.276969793293438
1.135,2.2748028678952243,2.274802868826713,2.2748028651758396
1.1400000000000001,2.272475097252577,2.272475098194306,2.2724750946970214
1.145,2.269987968149214,2.2699879691009883,2.2699879659827404
1.1500000000000001,2.267342991791303,2.267342992752924,2.2673429898743387
1.155,2.2645417057535564,2.2645417067248235,2.2645417037172653
1.16,2.2615856734765822,2.2615856744572906,2.2615856707936737
1.165,2.258476483761438,2.2584764847513803,2.2584764808673756
1.17,2.25521575026152,2.2552157512604865,2.255215747750353
1.175,2.2518051109719197,2.251805111979697,2.251805109038003
1.18,2.24824622771637,2.248246228732743,2.2482462261091376
1.185,2.2445407856319184,2.2445407866566685,2.2445407838409026
1.19,2.2406904926514533,2.240690493684359,2.240690489858352
1.195,2.2366970789842084,2.236697080025047,2.2366970756738427
1.2,2.2325622965943857,2.2325622976429305,2.232562293629216
1.205,2.2282879186780056,2.228287919734029,2.2282879165385276
1.21,2.223875739138137,2.2238757402014073,2.2238757376880467
1.215,2.2193275720586074,2.219327573128893,2.2193275708362563
1.22,2.2146452511763512,2.2146452522534155,2.2146452490432154
1.225,2.209830629352486,2.209830630436092,2.2098306257739533
1.23,2.2048855780422807,2.204885579132189,2.204885573953017
1.235,2.199811986764112,2.1998119878600813,2.1998119832959317
1.24,2.1946117625675527,2.1946117636693394,2.194611760302386
1.245,2.189286829500702,2.1892868306080606,2.189286828256232
1.25,2.183839128076895,2.1838391291895793,2.183839127225488
1.2550000000000001,2.178270614740909,2.1782706158586693,2.1782706130278946
1.26,2.172583261334784,2.1725832624573695,2.1725832574198334
1.2650000000000001,2.1667790545633885,2.1667790556905473,2.166779049282314
1.27,2.160859995459849,2.160859996591328,2.16085999036642
1.2750000000000001,2.1548280988509614,2.154828099986505,2.1548280951555454
1.28,2.1486853928227054,2.1486853939620576,2.148685390865397
1.285,2.1424339181859846,2.1424339193288873,2.142433917443992
1.29,2.136075727942704,2.1360757290888985,2.136075727571659
1.295,2.1296128867523128,2.1296128879015392,2.1296128847865883
1.3,2.123047470398917,2.1230474715509136,2.123047465572657
1.305,2.1163815652590876,2.116381566413592,2.1163815587119186
1.31,2.109617267770475,2.109617268927225,2.1096172613994972
1.315,2.1027566839013496,2.10275668506008,2.1027566792356542
1.32,2.095801928621167,2.0958019297816133,2.0958019262257843
1.325,2.0887551253722942,2.0887551265341915,2.088755124780419
1.33,2.0816184055429874,2.081618406706069,2.0816184057152216
1.335,2.0743939079417415,2.0743939091057406,2.0743939073564177
1.34,2.067083778273118,2.067083779437768,2.0670837748180113
1.345,2.0596901686151696,2.0596901697802013,2.059690162863419
1.35,2.0522152368985447,2.0522152380636918,2.05221523067153
1.355,2.0446611463874174,2.044661147552411,2.0446611414645752
1.36,2.0370300651623032,2.037030066326875,2.03703006250812
1.365,2.0293241656049084,2.0293241667687894,2.0293241651110705
1.37,2.0215456238850775,2.0215456250479997,2.0215456246256687
1.375,2.013696619449979,2.013696620611673,2.01369662029311
1.3800000000000001,2.0057793345155934,2.0057793356757916,2.005779333261131
1.385,1.9977959535606375,1.9977959547190713,1.9977959500299243
1.3900000000000001,1.9897486628229966,1.9897486639793982,1.9897486584355728
1.395,1.9816396497987838,1.9816396509528853,1.981639646221518
1.4000000000000001,1.9734711027441056,1.9734711038956394,1.973471101038555
1.405,1.965245210179644,1.9652452113283434,1.9652452104448368
1.41,1.956964160398139,1.9569641615437374,1.9569641619058702
1.415,1.9486301409748688,1.9486301421171008,1.9486301427325643
1.42,1.9402453382812235,1.9402453394198238,1.9402453384106884
1.425,1.9318119370014504,1.9318119381361547,1.9318119352456855
1.43,1.9233321196526778,1.9233321207832228,1.9233321172184399
1.435,1.914808066108289,1.914808067234412,1.914808064419633
1.44,1.9062419531247454,1.9062419542461853,1.906241953049747
1.445,1.8976359538719358,1.8976359549884314,1.8976359554190616
1.45,1.8889922374671426,1.8889922385784348,1.8889922399476573
1.455,1.8803129685127018,1.8803129696185323,1.880312970939409
1.46,1.871600306637446,1.871600307737558,1.8716003074748777
1.465,1.8628564060420012,1.8628564071361386,1.8628564055121029
1.47,1.8540834150480245,1.8540834161359332,1.8540834143378702
1.475,1.8452834756514553,1.845283476732883,1.8452834758965546
1.48,1.8364587230798624,1.836458724154557,1.8364587247901234
1.485,1.8276112853539472,1.8276112864216596,1.8276112882781328
1.49,1.8187432828533017,1.8187432839137827,1.8187432862777313
1.495,1.8098568278864602,1.8098568289394643,1.8098568305988476
1.5,1.8009540242653521,1.8009540253106349,1.800954025551924
1.5050000000000001,1.7920369668841916,1.7920369679215102,1.7920369674878323
1.51,1.7831077413028955,1.7831077423320092,1.7831077423213217
1.5150000000000001,1.774168423335082,1.7741684243557512,1.7741684255043966
1.52,1.7652210786407236,1.7652210796527117,1.7652210820263181
1.5250000000000001,1.7562677623235121,1.7562677633265849,1.7562677664136026
1.53,1.7473105185330051,1.7473105195269296,1.7473105224897134
1.5350000000000001,1.7383513800716004,1.7383513810561462,1.73835138282796
1.54,1.729392368006417,1.7293923689813564,1.72939236990213
1.545,1.7204354912861237,1.720435492251231,1.7204354932650003
1.55,1.7114827463627806,1.711482747317833,1.7114827492087863
1.555,1.7025361168187483,1.702536117763524,1.7025361207651435
1.56,1.6935975729987094,1.6935975739329898,1.6935975777051637
1.565,1.6846690716468666,1.6846690725704367,1.6846690764673564
1.57,1.6757525555493618,1.6757525564620084,1.675752559429803
1.575,1.6668499531819625,1.666849954083475,1.6668499562064136
1.58,1.6579631783630657,1.657963179253236,1.65796318131553
1.585,1.6490941299120698,1.6490941307906934,1.649094133533427
1.59,1.6402446913131494,1.640244692180024,1.640244695894309
1.595,1.631416730384486,1.6314167312394126,1.6314167356903138
1.6,1.6226120989529882,1.6226120997957696,1.6226121044430335
1.605,1.6138326325345465,1.6138326333649897,1.6138326372710947
1.61,1.6050801500198588,1.6050801508377741,1.6050801539857968
1.615,1.5963564533658694,1.596356454171069,1.5963564572208946
1.62,1.5876633272928418,1.587663328085142,1.5876633316970241
1.625,1.5790025389871234,1.5790025397663432,1.579002544221706
1.6300000000000001,1.5703758378096109,1.570375838575572,1.5703758436893425
1.635,1.5617849550099627,1.5617849557624914,1.5617849610579229
1.6400000000000001,1.5532316034465858,1.5532316041855108,1.5532316088532936
1.645,1.5447174773124193,1.5447174780375725,1.5447174820700953
1.6500000000000001,1.5362442518665458,1.5362442525777626,1.5362442565426824
1.655,1.5278135831716586,1.5278135838687785,1.5278135883279984
1.6600000000000001,1.5194271078374026,1.519427108520268,1.5194271137055724
1.665,1.5110864427696165,1.511086443438073,1.511086449177522
1.67,1.5027931849254919,1.5027931855793892,1.5027931914322525
1.675,1.4945489110746755,1.4945489117138664,1.4945489170093935
1.68,1.4863551775663273,1.4863551781906688,1.486355182990977
1.685,1.4782135201021522,1.4782135207115046,1.4782135255103068
1.69,1.4701254535154238,1.4701254541096511,1.4701254593619675
1.695,1.4620924715560069,1.4620924721349764,1.4620924780018207
1.7,1.4541160466813996,1.4541160472449832,1.45411605354701
1.705,1.4461976298537995,1.4461976304018729,1.446197636713323
1.71,1.438338650343209,1.4383386508756506,1.4383386566967091
1.715,1.4305405155365771,1.4305405160532694,1.4305405215268185
1.72,1.4228046107530004,1.4228046112538304,1.4228046168015585
1.725,1.4151322990649737,1.4151322995498323,1.4151323055161344
1.73,1.4075249211257064,1.4075249215944876,1.4075249280630509
1.735,1.3999837950024907,1.3999837954550935,1.3999838022321103
1.74,1.3925102160161484,1.392510216452474,1.3925102231235535
1.745,1.3851054565865217,1.3851054570064774,1.385105463277006
1.75,1.3777707660840461,1.3777707664875416,1.3777707725548236
1.7550000000000001,1.3705073706873627,1.3705073710743128,1.370507377279487
1.76,1.363316473247,1.3633164736173227,1.3633164801962858
1.7650000000000001,1.3561992531550926,1.35619925350871,1.3561992604733164
1.77,1.349156866221149,1.3491568665579876,1.3491568737014845
1.7750000000000001,1.3421904445538493,1.3421904448738393,1.3421904518232246
1.78,1.3353010964488676,1.3353010967519439,1.3353011034158062
1.7850000000000001,1.3284899062827071,1.3284899065688076,1.3284899131538552
1.79,1.3217579344125348,1.3217579346816029,1.3217579414397507
1.795,1.3151062170820056,1.315106217333988,1.3151062244035685
1.8,1.308535766333057,1.308535766567905,1.3085357739030836
1.805,1.3020475699236629,1.3020475701413312,1.3020475775170983
1.81,1.2956425912515224,1.29564259145197,1.295642598626345
1.815,1.2893217692836747,1.289321769466865,1.2893217764755385
1.82,1.2830860184920112,1.283086018657912,1.283086025674185
1.825,1.2769362287946728,1.2769362289432558,1.276936236131399
1.83,1.2708732655033002,1.2708732656345405,1.2708732730559025
1.835,1.2648979692761233,1.2648979693900013,1.2648979769560265
1.84,1.2590111560768604,1.2590111561733606,1.2590111636781454
1.845,1.2532136171394048,1.253213617218515,1.2532136245845418
1.85,1.247506118938265,1.2475061189999777,1.2475061262934153
1.855,1.241889403164741,1.2418894032090528,1.2418894105473681
1.86,1.2363641867088,1.2363641867357118,1.236364194213013
1.865,1.2309311616466254,1.230931161656142,1.2309311692809755
1.87,1.2255909952338044,1.2255909952259347,1.2255910028779318
1.875,1.2203443299041274,1.220344329878884,1.2203443374683298
1.8800000000000001,1.2151917832739567,1.2151917832313577,1.2151917907489556
1.885,1.2101339481521467,1.2101339480922129,1.2101339555796546
1.8900000000000001,1.2051713925554566,1.2051713924782135,1.2051714000046452
1.895,1.2003046597294436,1.2003046596349207,1.2003046672525186
1.9000000000000001,1.1955342681747807,1.1955342680630112,1.195534275736239
1.905,1.1908607116789702,1.1908607115499923,1.1908607192164729
1.9100000000000001,1.1862844593534128,1.1862844592072679,1.1862844668486643
1.915,1.181805955675788,1.181805955512522,1.1818059631030697
1.92,1.1774256205377076,1.17742562035737,1.1774256279121857
1.925,1.1731438492975998,1.1731438491002442,1.1731438566708292
1.93,1.1689610128387793,1.1689610126244636,1.1689610202361371
1.935,1.1648774576326617,1.1648774574014475,1.1648774650231302
1.94,1.1608935058070755,1.1608935055590281,1.1608935132106317
1.945,1.1570094552196242,1.157009454954813,1.157009462569992
1.95,1.1532255795360573,1.153225579254556,1.1532255867901753
1.955,1.149542128313597,1.1495421280154827,1.1495421354979618
1.96,1.1459593270891748,1.1459593267745287,1.1459593342579502
1.965,1.1424773774725292,1.1424773771414358,1.1424773846299692
1.97,1.139096457244113,1.1390964568966613,1.1390964644565187
1.975,1.1358167204577614,1.1358167200940439,1.1358167276424536
1.98,1.1326382975480678,1.1326382971681808,1.132638304613812
1.985,1.129561295442415,1.1295612950464582,1.1295613023859197
1.99,1.126585797677611,1.1265857972656876,1.1265858045633903
1.995,1.123711864521071,1.1237118640932886,1.1237118713844954
2.0,1.1209395330964997,1.120939532652969,1.1209395400405835
2.005,1.1182688175140072,1.1182688170548423,1.118268824446152
2.0100000000000002,1.115699709004613,1.115699708529932,1.1156997158003983
2.015,1.1132321760590775,1.113232175569002,1.1132321826961546
2.02,1.1108661645710018,1.1108661640656565,1.1108661711198857
2.025,1.1086015979841428,1.1086015974636563,1.1086016045084692
2.0300000000000002,1.1064383774438822,1.1064383769083859,1.1064383840623342
2.035,1.104376381952791,1.1043763814024203,1.1043763885504891
2.04,1.1024154685302319,1.102415467965125,1.10241547496744
2.045,1.100555472375936,1.100555471796235,1.1005554786337324
2.05,1.0987962070374988,1.0987962064433483,1.0987962131959528
2.055,1.0971374645817278,1.0971374639732756,1.0971374707387995
2.06,1.0955790157697851,1.0955790151471834,1.0955790220129988
2.065,1.0941206102360646,1.0941206095994676,1.0941206164146031
2.07,1.0927619766707326,1.0927619760202978,1.092761982657854
2.075,1.0915028230058794,1.091502822341767,1.091502828816392
2.08,1.090342836605211,1.0903428359275853,1.0903428423233212
2.085,1.0892816844572228,1.08928168376625,1.0892816902313505
2.09,1.0883190133717853,1.0883190126676348,1.0883190191723016
2.095,1.0874544501800818,1.087454449462926,1.0874544558405494
2.1,1.0866876019378326,1.0866876012078464,1.0866876073933958
2.105,1.0860180561317376,1.086018055389099,1.086018061451068
2.11,1.0854453808890756,1.0854453801339652,1.0854453861811986
2.115,1.084969125190391,1.084969124422992,1.084969130528507
2.12,1.0845888190852044,1.0845888183057026,1.0845888243251143
2.125,1.0843039739106783,1.0843039731192623,1.084303978956814
2.13,1.0841140825131736,1.0841140817100345,1.0841140874082231
2.1350000000000002,1.0840186194726287,1.0840186186579595,1.0840186243104413
2.14,1.084017041329691,1.0840170405036875,1.0840170461722458
2.145,1.0841087868155403,1.0841087859784013,1.0841087915482934
2.15,1.0842932770843317,1.0842932762362572,1.084293281647525
2.1550000000000002,1.0845699159481867,1.0845699150893797,1.084569920391207
2.16,1.0849380901146752,1.0849380892453406,1.0849380945279503
2.165,1.085397169426709,1.0853971685470538,1.085397173781304
2.17,1.0859465071047847,1.0859465062150184,1.0859465113129103
2.1750000000000003,1.0865854399915085,1.086585439091842,1.0865854440649296
2.18,1.0873132887983268,1.0873132878889735,1.0873132928480496
2.185,1.0881293583544067,1.0881293574355821,1.0881293624581805
2.19,1.0890329378575845,1.0890329369295053,1.089032941848222
2.195,1.0900233011273213,1.0900233001902062,1.0900233049000014
2.2,1.0910997068595958,1.0910997059136658,1.091099710467182
2.205,1.0922613988836651,1.0922613979291425,1.0922614024954442
2.21,1.0935076064206228,1.0935076054577315,1.093507610203492
2.215,1.0948375443436889,1.0948375433726545,1.094837548075425
2.22,1.0962504134401603,1.0962504124612102,1.0962504169035787
2.225,1.0977454006749547,1.0977453996883175,1.0977454038600387
2.23,1.0993216794556788,1.0993216784615842,1.0993216824966443
2.235,1.1009784098991497,1.1009784088978294,1.1009784131535938
2.24,1.1027147390993077,1.1027147380909943,1.1027147426168094
2.245,1.1045298013964435,1.104529800381371,1.10452980482468
2.25,1.106422718647679,1.1064227176260826,1.1064227217044802
2.255,1.108392600498628,1.1083925994707438,1.108392603172548
2.2600000000000002,1.110438544656172,1.1104385436222377,1.1104385471342857
2.265,1.1125596371622835,1.1125596361225372,1.1125596398560897
2.27,1.1147549526688258,1.114754951623507,1.11475495588323
2.275,1.1170235547132656,1.1170235536626145,1.117023558060106
2.2800000000000002,1.1193644959952298,1.1193644949394874,1.1193644989936309
2.285,1.121776818653836,1.121776817593244,1.1217768210865655
2.29,1.1242595545457381,1.124259553480539,1.12425955653752
2.295,1.12681172552381,1.1268117244542473,1.1268117273419689
2.3000000000000003,1.1294323437164104,1.1294323426427277,1.1294323460901896
2.305,1.132120411807155,1.1321204107295968,1.1321204149550708
2.31,1.1348749233151376,1.1348749222339483,1.1348749266812608
2.315,1.1376948628755261,1.137694861790951,1.1376948658115977
2.32,1.140579206520477,1.140579205432762,1.1405792086871092
2.325,1.143526921960297,1.1435269208696879,1.1435269234470122
2.33,1.14653696886479,1.146536967771533,1.1465369700287136
2.335,1.1496082991447252,1.1496082980490663,1.1496083006251914
2.34,1.1527398572333607,1.1527398561355464,1.1527398599191159
2.345,1.1559305803679625,1.155930579268239,1.1559305838980865
2.35,1.1591793988712502,1.1591793977698643,1.1591794023807338
2.355,1.1624852364327154,1.1624852353299135,1.1624852391696174
2.36,1.1658470103897398,1.1658470092857682,1.1658470120512239
2.365,1.1692636320084602,1.1692636309035649,1.169263632795968
2.37,1.1727340067643126,1.1727340056587394,1.172734007158191
2.375,1.1762570346222003,1.176257033516195,1.1762570354228934
2.38,1.1798316103162194,1.1798316092100272,1.1798316126357975
2.3850000000000002,1.1834566236288855,1.183456622522751,1.1834566271264393
2.39,1.1871309596697992,1.1871309585639669,1.187130963351111
2.395,1.1908534991536968,1.1908534980484107,1.190853502059232
2.4,1.1946231186778198,1.1946231175733228,1.1946231202933473
2.4050000000000002,1.1984386909985494,1.1984386898950843,1.198438691389128
2.41,1.2022990853072484,1.202299084205057,1.2022990849753705
2.415,1.2062031675052538,1.2062031664045774,1.206203167049516
2.42,1.210149800477961,1.2101497993790398,1.2101498012359866
2.4250000000000003,1.2141378443679443,1.2141378432710181,1.2141378465602108
2.43,1.2181661568470608,1.2181661557523678,1.2181661596748634
2.435,1.2222335933874786,1.2222335922952567,1.2222335958233557
2.44,1.2263390075315805,1.2263390064420665,1.2263390088398336
2.445,1.230481251160682,1.2304812500741111,1.2304812511491776
2.45,1.2346591747625169,1.2346591736791237,1.234659173767004
2.455,1.238871627697434,1.2388716266174518,1.2388716262996629
2.46,1.2431174584632574,1.243117457386918,1.2431174575869979
2.465,1.247395514958751,1.247395513886285,1.2473955153535117
2.47,1.2517046447456457,1.2517046436772823,1.2517046459452428
2.475,1.256043695309171,1.2560436942451385,1.2560436964206347
2.48,1.26041151431705,1.2604115132575748,1.2604115145871964
2.485,1.2648069498768992,1.2648069488222062,1.264806949001501
2.49,1.269228850791993,1.2692288497423057,1.2692288489691865
2.495,1.27367606681534,1.2736760657708799,1.2736760645449534
2.5,1.2781474489020284,1.2781474478630162,1.2781474469212686
2.505,1.2826418494597926,1.2826418484264464,1.2826418485087163
2.5100000000000002,1.2871581225977513,1.287158121570288,1.2871581223283892
2.515,1.2916951243732795,1.2916951233519143,1.2916951240264456
2.52,1.2962517130369666,1.2962517120219121,1.2962517119686328
2.525,1.3008267492756143,1.3008267482670821,1.3008267472402857
2.5300000000000002,1.3054190964532384,1.305419095451438,1.3054190936463284
2.535,1.3100276208500239,1.3100276198551624,1.3100276177112715
2.54,1.314651191899201,1.3146511909114835,1.3146511891640813
2.545,1.3192886824217929,1.319288681441423,1.3192886805337332
2.5500000000000003,1.3239389688592027,1.3239389678863818,1.3239389673895896
2.555,1.3286009315035936,1.3286009305385202,1.3286009297895138
2.56,1.3332734547260299,1.333273453768901,1.3332734522929917
2.565,1.337955427202337,1.3379554262533473,1.3379554239611318
2.57,1.3426457421366444,1.3426457411959862,1.3426457383566641
2.575,1.3473432974825765,1.34734329655044,1.347343293595654
2.58,1.3520469961620534,1.3520469952386258,1.3520469928996397
2.585,1.3567557462816704,1.3567557453671373,1.356755743620839
2.59,1.3614684613466186,1.3614684604411629,1.3614684587651724
2.595,1.3661840604721158,1.3661840595759176,1.366184057440995
2.6,1.3709014685923104,1.370901467705548,1.370901464859095
2.605,1.3756196166666388,1.375619615789487,1.3756196123326974
2.61,1.380337441883586,1.3803374410162181,1.3803374372774615
2.615,1.3850538878618401,1.3850538870044258,1.3850538835557584
2.62,1.389767904848791,1.3897679040014979,1.3897679011347837
2.625,1.3944784499163652,1.394478449079358,1.3944784464428708
2.63,1.3991844871541501,1.3991844863275913,1.3991844834282314
2.6350000000000002,1.4038849878597932,1.403884987043842,1.403884983566295
2.64,1.4085789307266414,1.4085789299214544,1.4085789258597052
2.645,1.413265302028605,1.413265301234336,1.4132652968383228
2.65,1.417943095802209,1.4179430950190088,1.4179430907191166
2.6550000000000002,1.4226113140258176,1.422611313253835,1.4226113094550548
2.66,1.4272689667960048,1.4272689660353841,1.42726896251683
2.665,1.4319150725010465,1.4319150717519304,1.4319150680847366
2.67,1.4365486579915188,1.4365486572540467,1.436548653119729
2.6750000000000003,1.4411687587479731,1.4411687580222818,1.4411687533634203
2.68,1.4457744190456756,1.4457744183318981,1.4457744133380837
2.685,1.4503646921163869,1.4503646914146537,1.4503646864351236
2.69,1.4549386403071651,1.4549386396176034,1.454938635052985
2.695,1.4594953352361735,1.4594953345589075,1.4594953302633413
2.7,1.4640338579454777,1.464033857280629,1.464033852889755
2.705,1.468553299050814,1.4685532983985006,1.4685532936221521
2.71,1.4730527588883147,1.4730527582486512,1.473052753016826
2.715,1.4775313476581735,1.4775313470312723,1.4775313414964357
2.72,1.4819881855652426,1.4819881849512122,1.4819881794146799
2.725,1.4864224029565385,1.4864224023554846,1.4864223971630328
2.73,1.4908331404556583,1.4908331398676826,1.4908331349010944
2.735,1.4952195490940765,1.4952195485192787,1.4952195434711377
2.74,1.499580790439333,1.4995807898778084,1.4995807845024687
2.745,1.5039160367200781,1.50391603617192,1.5039160304114232
2.75,1.508224470947992,1.5082244704132897,1.5082244644013694
2.755,1.5125052870365447,1.5125052865153839,1.512505280524645
2.7600000000000002,1.5167576899166046,1.516757689409068,1.5167576837047074
2.765,1.5209808956488833,1.5209808951550503,1.5209808896179027
2.77,1.5251741315332126,1.5251741310531601,1.5251741254265854
2.775,1.529336636214646,1.5293366357484466,1.5293366298389977
2.7800000000000002,1.5334676597863783,1.5334676593341015,1.5334676531092717
2.785,1.5375664638894824,1.5375664634511947,1.537566457037427
2.79,1.541632321809463,1.5416323213852272,1.5416323150349354
2.795,1.5456645185696143,1.5456645181594901,1.5456645120402162
2.8000000000000003,1.5496623510211909,1.5496623506252347,1.5496623446095488
2.805,1.5536251279303834,1.5536251275486477,1.553625121429102
2.81,1.557552170062102,1.5575521696946366,1.5575521633322664
2.815,1.5614428102605684,1.5614428099074191,1.5614428032996517
2.82,1.5652963935267126,1.5652963931879225,1.565296386459088
2.825,1.5691122770923838,1.5691122767679928,1.5691122701444526
2.83,1.5728898304913712,1.5728898301814145,1.5728898237287923
2.835,1.5766284356272386,1.5766284353317501,1.5766284289234258
2.84,1.5803274868379864,1.5803274865569945,1.5803274800358404
2.845,1.5839863909575245,1.5839863906910558,1.583986383969933
2.85,1.5876045673739867,1.5876045671220638,1.5876045602260085
2.855,1.5911814480848738,1.5911814478475157,1.5911814409050613
2.86,1.5947164777490381,1.594716477526261,1.5947164707028638
2.865,1.59820911373552,1.5982091135273366,1.5982091068126578
2.87,1.6016588261692375,1.601658825975657,1.601658819260054
2.875,1.6050650979735446,1.6050650977945728,1.6050650909705853
2.88,1.6084274249096606,1.6084274247453003,1.6084274177697062
2.8850000000000002,1.611745315612987,1.6117453154632375,1.6117453083827935
2.89,1.6150182916263156,1.6150182914911733,1.6150182844327083
2.895,1.6182458874299477,1.618245887309405,1.6182458803462203
2.9,1.6214276504687248,1.6214276503627711,1.6214276434553825
2.9050000000000002,1.6245631411759942,1.6245631410846157,1.624563134153137
2.91,1.6276519329945147,1.6276519329176942,1.627651925897674
2.915,1.6306936123943205,1.630693612332038,1.630693605212434
2.92,1.6336877788875568,1.6336877788397879,1.6336877716855391
2.9250000000000003,1.6366340450402972,1.6366340450070154,1.636634037900422
2.93,1.6395320364813657,1.6395320364625414,1.6395320294148052
2.935,1.6423813919081764,1.6423813919037764,1.6423813848813709
2.94,1.6451817630896026,1.6451817630995902,1.645181756053634
2.945,1.6479328148658992,1.6479328148902348,1.6479328077859432
2.95,1.6506342251456936,1.6506342251843347,1.6506342180334805
2.955,1.653285684900062,1.653285684952963,1.6532856778158633
2.96,1.6558868981537123,1.6558868982208237,1.6558868911163067
2.965,1.6584375819732886,1.658437582054559,1.6584375749878115
2.97,1.6609374664528251,1.660937466548199,1.660937459503805
2.975,1.6633862946963585,1.6633862948057778,1.6633862877537064
2.98,1.6657838227977306,1.6657838229211348,1.6657838158429306
2.985,1.6681298198175982,1.6681298199549226,1.6681298128807636
2.99,1.670424067757666,1.6704240679088438,1.6704240608393963
2.995,1.6726663615321777,1.6726663616971387,1.6726663546537168
3.0,1.6748565089366767,1.674856509115348,1.6748565021172364
3.005,1.676994330614066,1.6769943308063722,1.6769943238443246
3.0100000000000002,1.6790796600179896,1.6790796602238511,1.6790796532702106
3.015,1.6811123433735542,1.68111234359289,1.681112336649727
3.02,1.6830922396354304,1.6830922398681558,1.6830922329165112
3.025,1.6850192204433396,1.6850192206893675,1.6850192137437978
3.0300000000000002,1.6868931700749674,1.686893170334208,1.6868931634408493
3.035,1.6887139853963216,1.688713985668682,1.6887139788432501
3.04,1.6904815758095628,1.6904815760949476,1.6904815693129058
3.045,1.6921958631983376,1.6921958634966487,1.6921958567380433
3.0500000000000003,1.6938567818706354,1.693856782181772,1.6938567754148603
3.055,1.6954642784992022,1.6954642788230612,1.695464272045688
3.06,1.6970183120595377,1.6970183123960125,1.6970183056723738
3.065,1.6985188537655003,1.698518854114483,1.6985188474811759
3.0700000000000003,1.6999658870025565,1.6999658873639358,1.6999658808023859
3.075,1.7013594072586957,1.7013594076323582,1.7013594011103277
3.08,1.7026994220530447,1.7026994224388743,1.7026994159087339
3.085,1.7039859508622106,1.7039859512600886,1.7039859447124872
3.09,1.7052190250443806,1.7052190254541866,1.7052190189663512
3.095,1.7063986877612138,1.7063986881828246,1.706398681802931
3.1,1.7075249938975487,1.7075249943308384,1.7075249880412995
3.105,1.708598009978962,1.7085980104238032,1.708598004186998
3.11,1.709617814087213,1.7096178145434753,1.7096178082906064
3.115,1.710584495773595,1.7105844962411467,1.710584489978095
3.12,1.7114981559702398,1.7114981564489462,1.7114981502629512
3.125,1.7123589068993923,1.7123589073891168,1.712358901325783
3.13,1.7131668719807,1.7131668724813043,1.7131668665143154
3.1350000000000002,1.713922185736545,1.7139221862478884,1.7139221803347506
3.14,1.7146249936954496,1.7146249942173888,1.714624988276176
3.145,1.7152754522935911,1.7152754528259817,1.7152754469036327
3.15,1.7158737287744619,1.715873729317157,1.7158737235006112
3.1550000000000002,1.7164200010867012,1.7164200016395528,1.7164199959515263
3.16,1.7169144577801405,1.7169144583429976,1.7169144527417166
3.165,1.7173572979000893,1.7173572984727996,1.7173572928972813
3.17,1.7177487308799007,1.7177487314623108,1.7177487258766624
3.1750000000000003,1.7180889764318517,1.718088977023805,1.7180889715114107
3.18,1.7183782644363637,1.718378265037703,1.7183782596553834
3.185,1.718616834829613,1.7186168354401792,1.7186168301677367
3.19,1.7188049374895513,1.7188049381091837,1.7188049329013548
3.1950000000000003,1.7189428321203823,1.7189428327489182,1.7189428275733418
3.2,1.7190307881355213,1.7190307887727971,1.719030783675616
3.205,1.7190690845390812,1.7190690851849315,1.719069080191224
3.21,1.7190580098059125,1.71905801046017,1.7190580055487512
3.215,1.7189978617602368,1.7189978624227338,1.7189978575458866
3.22,1.718888947452913,1.7188889481234793,1.7188889433090933
3.225,1.7187315830373613,1.7187315837158261,1.7187315790074618
3.23,1.7185260936441933,1.7185260943303846,1.7185260897174868
3.235,1.7182728132545764,1.7182728139483205,1.7182728093798516
3.24,1.7179720845723685,1.7179720852734908,1.717972080734388
3.245,1.7176242588950634,1.717624259603388,1.7176242551631706
3.25,1.7172296959835798,1.7172296966989298,1.7172296923814927
3.255,1.7167887639309298,1.7167887646531275,1.7167887604258185
3.2600000000000002,1.7163018390298057,1.7163018397586716,1.7163018355143322
3.265,1.7157693056391166,1.7157693063744708,1.7157693021408054
3.27,1.715191556049517,1.715191556791179,1.715191552679405
3.275,1.7145689903479608,1.714568991095748,1.7145689871467127
3.2800000000000002,1.713902016281311,1.7139020170350412,1.7139020132017218
3.285,1.7131910491190556,1.7131910498785454,1.7131910460392428
3.29,1.712436511515151,1.7124365122802159,1.7124365083547364
3.295,1.7116388333690362,1.7116388341394915,1.7116388302719054
3.3000000000000003,1.7107984516858559,1.7107984524615159,1.710798448785788
3.305,1.7099158104359227,1.7099158112166015,1.7099158077443928
3.31,1.7089913604134606,1.7089913611989709,1.7089913578487006
3.315,1.7080255590946578,1.7080255598848126,1.7080255564625293
3.3200000000000003,1.7070188704950762,1.7070188712896879,1.7070188676928209
3.325,1.7059717650264425,1.7059717658253224,1.7059717622482837
3.33,1.7048847193528611,1.704884720155821,1.7048847168023054
3.335,1.703758216246488,1.7037582170533387,1.703758213984687
3.34,1.702592744442694,1.702592745253246,1.702592742381644
3.345,1.701388798494759,1.701388799308823,1.7013887964794863
3.35,1.7001468786281306,1.7001468794455163,1.7001468763041572
3.355,1.6988674905942789,1.6988674914147972,1.6988674880446835
3.36,1.6975511455241925,1.6975511463476525,1.6975511430579353
3.365,1.696198359781535,1.6961983606077469,1.696198357649806
3.37,1.6948096548155156,1.694809655644289,1.6948096530752128
3.375,1.6933855570134915,1.6933855578446366,1.6933855555380952
3.38,1.69192659755335,1.6919265983866763,1.6919265961545096
3.3850000000000002,1.6904333122556934,1.6904333130910107,1.6904333103807767
3.39,1.6889062414358724,1.6889062422729908,1.6889062390427045
3.395,1.6873459297558915,1.6873459305946217,1.687345927231204
3.4,1.6857529260762303,1.685752926916382,1.685752923855492
3.4050000000000002,1.6841277833076023,1.6841277841489866,1.6841277816430906
3.41,1.6824710582627,1.6824710591051282,1.6824710571398276
3.415,1.6807833115079471,1.6807833123512297,1.6807833107098364
3.42,1.6790651072152927,1.6790651080592418,1.6790651064500808
3.4250000000000003,1.6773170130140906,1.6773170138585185,1.6773170113506513
3.43,1.675539599843084,1.6755396006878034,1.6755395971055376
3.435,1.6737334418025336,1.6737334426473576,1.6737334384981166
3.44,1.6718991160065229,1.671899116851265,1.6718991128440694
3.4450000000000003,1.6700372024354686,1.6700372032799429,1.670037199991381
3.45,1.6681482837888728,1.6681482846328946,1.6681482823203404
3.455,1.6662329453383453,1.66623294618173,1.6662329447435407
3.46,1.6642917747809265,1.6642917756234903,1.664291774705879
3.465,1.6623253620927454,1.6623253629343053,1.6623253621614216
3.47,1.6603342993830412,1.6603343002234154,1.6603342986643486
3.475,1.6583191807485813,1.6583191815875884,1.6583191788996374
3.48,1.6562806021285004,1.6562806029659596,1.6562805995837888
3.485,1.6542191611595973,1.6542191619953297,1.6542191586298207
3.49,1.652135457032119,1.6521354578659455,1.6521354551472676
3.495,1.650030090346053,1.650030091177796,1.6500300894421815
3.5,1.6479036629679684,1.6479036637974511,1.647903663017131
3.505,1.6457567778884252,1.6457567787154723,1.645756778571202
3.5100000000000002,1.643590039079988,1.6435900399044254,1.6435900399999963
3.515,1.6414040513558685,1.6414040521775224,1.641404051725857
3.52,1.6391994202292195,1.6391994210479182,1.6391994195158304
3.525,1.6369767517731222,1.6369767525886945,1.6369767502928094
3.5300000000000002,1.634736652481278,1.6347366532935543,1.6347366508947796
3.535,1.6324797291294446,1.6324797299382565,1.6324797280737813
3.54,1.6302065886376336,1.6302065894428142,1.6302065884959083
3.545,1.6279178379331032,1.6279178387344868,1.6279178387413085
3.5500000000000003,1.6256140838141677,1.6256140846115894,1.6256140853041843
3.555,1.6232959328148495,1.6232959336081465,1.6232959345927924
3.56,1.620963991070402,1.6209639918594128,1.62096399257823
3.565,1.6186188641837251,1.6186188649682898,1.6186188650056708
3.5700000000000003,1.6162611570926995,1.6162611578726596,1.6162611574728805
3.575,1.6138914739384653,1.6138914747136635,1.61389147436383
3.58,1.6115104179346629,1.611510418704944,1.6115104188335245
3.585,1.6091185912376706,1.6091185920028808,1.6091185928080052
3.59,1.6067165948178501,1.6067165955778366,1.606716596984348
3.595,1.6043050283318299,1.6043050290864425,1.6043050308306641
3.6,1.6018844899958498,1.6018844907449399,1.6018844924727018
3.605,1.599455576460183,1.5994555772036032,1.5994555784621594
3.61,1.5970188826846619,1.5970188834222667,1.5970188843145952
3.615,1.5945750018153273,1.5945750025469732,1.5945750034434536
3.62,1.5921245250622245,1.5921245257877696,1.5921245270403106
3.625,1.5896680415783608,1.5896680422976652,1.5896680440748707
3.63,1.5872061383398528,1.587206139052778,1.5872061412949696
3.6350000000000002,1.584739400027274,1.5847394007336841,1.5847394032265727
3.64,1.582268408908234,1.5822684096079946,1.5822684120225954
3.645,1.5797937447211945,1.5797937454141728,1.5797937474470773
3.65,1.5773159845605507,1.5773159852466163,1.5773159870578086
3.6550000000000002,1.5748357027629942,1.5748357034420186,1.5748357053545934
3.66,1.5723534707951736,1.5723534714670302,1.5723534737398617
3.665,1.5698698571426686,1.569869857807233,1.5698698605186663
3.67,1.5673854272003012,1.5673854278574508,1.5673854308986856
3.6750000000000003,1.5649007431637925,1.5649007438134068,1.5649007469834568
3.68,1.5624163639227877,1.5624163645647486,1.562416367503749
3.685,1.5599328449552623,1.5599328455894532,1.5599328482519184
3.69,1.5574507382233227,1.5574507388496301,1.5574507414704897
3.6950000000000003,1.5549705920704244,1.5549705926887356,1.5549705955316455
3.7,1.5524929511200103,1.5524929517302153,1.5524929549372286
3.705,1.5500183561755931,1.5500183567775847,1.5500183603187385
3.71,1.547547344122294,1.5475473447159669,1.547547348437335
3.715,1.5450804478298465,1.5450804484150968,1.545080452052711
3.72,1.5426181960570804,1.5426181966338075,1.5426182000174224
3.725,1.5401611133579045,1.5401611139260094,1.5401611172078484
3.73,1.5377097199887881,1.5377097205481745,1.5377097239635198
3.735,1.535264531817766,1.5352645323683392,1.5352645360762154
3.74,1.532826060234967,1.5328260607766355,1.5328260647899628
3.745,1.5303948120646886,1.5303948125973623,1.5303948168010373
3.75,1.5279712894790136,1.5279712900026055,1.5279712941926824
3.755,1.525555989912995,1.5255559904274196,1.5255559944055568
3.7600000000000002,1.5231494059814048,1.5231494064865798,1.5231494103500958
3.765,1.5207520253970679,1.5207520258929126,1.5207520298420107
3.77,1.518364330890777,1.5183643313772135,1.518364335563294
3.775,1.515986800132811,1.5159868006097639,1.5159868050622207
3.7800000000000002,1.513619905656054,1.5136199061234499,1.5136199107533477
3.785,1.511264114780729,1.5112641152384965,1.511264119876508
3.79,1.508919889540747,1.508919889988818,1.5089198944533218
3.795,1.5065876866116894,1.5065876870499977,1.5065876914116383
3.8000000000000003,1.5042679572404158,1.5042679576688975,1.5042679620953514
3.805,1.5019611471763166,1.5019611475949108,1.5019611522175678
3.81,1.4996676966042068,1.4996676970128542,1.499667701860606
3.815,1.4973880400788688,1.4973880404775135,1.4973880454759974
3.8200000000000003,1.4951226064612544,1.4951226068498418,1.4951226118502519
3.825,1.4928718188563397,1.4928718192348183,1.4928718240920777
3.83,1.490636094552646,1.490636094920967,1.4906360996989434
3.835,1.4884158449634295,1.4884158453215455,1.4884158501594011
3.84,1.4862114755695344,1.4862114759174014,1.4862114809207663
3.845,1.4840233858639256,1.484023386201502,1.4840233913891157
3.85,1.4818519692978926,1.4818519696251387,1.48185197492929
3.855,1.4796976132289292,1.4796976135458084,1.4796976188310882
3.86,1.4775606988702976,1.477560699176775,1.4775607043455314
3.865,1.4754416012422644,1.475441601538308,1.4754416066558884
3.87,1.4733406891250262,1.4733406894106067,1.4733406945896916
3.875,1.47125832501331,1.4712583252883997,1.4712583306068256
3.88,1.4691948650726572,1.4691948653372318,1.4691948707995275
3.8850000000000002,1.467150659097391,1.4671506593514276,1.4671506648923855
3.89,1.465126050470261,1.46512605071374,1.4651260562116357
3.895,1.4631213761237698,1.463121376356674,1.4631213817656186
3.9,1.4611369665031777,1.4611369667254916,1.4611369721105507
3.9050000000000002,1.459173145531182,1.459173145742893,1.4591731511904162
3.91,1.4572302305742735,1.4572302307753715,1.4572302363361693
3.915,1.4553085324107633,1.4553085326012405,1.4553085382657343
3.92,1.4534083552004786,1.4534083553803296,1.4534083610827386
3.9250000000000003,1.4515299964561255,1.4515299966253472,1.4515300022705562
3.93,1.4496737470163132,1.449673747174905,1.4496737527599528
3.935,1.4478398910202375,1.447839891168201,1.447839896750684
3.94,1.446028705884018,1.4460287060213575,1.4460287116616342
3.9450000000000003,1.4442404622786846,1.4442404624054068,1.4442404681308154
3.95,1.4424754241098117,1.4424754242259252,1.4424754300153688
3.955,1.4407338484987864,1.4407338486043022,1.4407338543910875
3.96,1.4390159857657154,1.439015985860647,1.4390159915958138
3.9650000000000003,1.437322079413958,1.4373220794983215,1.4373220851985975
3.97,1.4356523661162814,1.4356523661900948,1.4356523718986525
3.975,1.43400707570263,1.4340070757659134,1.4340070815200496
3.98,1.4323864311495027,1.432386431202279,1.4323864370117168
3.985,1.4307906485709334,1.4307906486132276,1.4307906544474405
3.99,1.4292199372110628,1.429219937242902,1.429219943051984
3.995,1.4276744994382962,1.4276744994597097,1.4276745052322972
4.0,1.4261545307410377,1.4261545307520578,1.4261545365046926
4.005,1.424660219724997,1.4246602197256568,1.4246602254852028
4.01,1.4231917481120493,1.4231917481023855,1.4231917538895782
4.015,1.4217492907406548,1.4217492907207052,1.421749296533289
4.0200000000000005,1.420333015567812,1.4203330155376173,1.4203330213421164
4.025,1.4189430836725485,1.4189430836321515,1.418943089413837
4.03,1.4175796492609314,1.4175796492103763,1.4175796549654807
4.035,1.4162428596725876,1.4162428596119216,1.416242865347818
4.04,1.4149328553887308,1.4149328553180027,1.4149328610504572
4.045,1.4136497700416732,1.413649769960934,1.4136497757018416
4.05,1.412393730425821,1.4123937303351237,1.412393736070665
4.055,1.4111648565101347,1.4111648564095343,1.4111648621338837
4.0600000000000005,1.4099632614520479,1.4099632613416013,1.4099632670461173
4.065,1.4087890516128312,1.408789051492598,1.4087890571659452
4.07,1.4076423265743874,1.4076423264444284,1.4076423320888618
4.075,1.4065231791574666,1.4065231790178452,1.4065231846472794
4.08,1.4054316954412918,1.4054316952920725,1.4054317009105262
4.085,1.4043679547845753,1.404367954625825,1.4043679602334112
4.09,1.4033320298479208,1.4033320296797083,1.4033320352779557
4.095,1.4023239866175918,1.4023239864399877,1.4023239920047914
4.1,1.4013438844306352,1.401343884243712,1.4013438897620114
4.105,1.4003917760013471,1.400391775805179,1.4003917812859819
4.11,1.3994677074490651,1.3994677072437283,1.3994677127013442
4.115,1.3985717183272737,1.3985717181128463,1.3985717235546156
4.12,1.3977038416540097,1.397703841430571,1.3977038468709788
4.125,1.3968641039435492,1.3968641037111806,1.3968641091192056
4.13,1.3960525252393676,1.3960525249981521,1.3960525303478548
4.135,1.39526911914835,1.3952691188983724,1.3952691241923185
4.14,1.394513892876244,1.3945138926175908,1.3945138978748226
4.1450000000000005,1.393786847264335,1.3937868469970942,1.393786852233023
4.15,1.39308797682733,1.3930879765515911,1.3930879817896242
4.155,1.3924172697924326,1.392417269508287,1.392417274712685
4.16,1.3917747081395984,1.3917747078471385,1.3917747129835545
4.165,1.3911602676429458,1.3911602673422663,1.3911602724096845
4.17,1.3905739179133165,1.3905739176045129,1.3905739226246314
4.175,1.3900156224419593,1.3900156221251287,1.3900156271222246
4.18,1.3894853386453287,1.38948533832057,1.389485343318191
4.1850000000000005,1.3889830179109768,1.3889830175783902,1.3889830225346154
4.19,1.3885086056445228,1.3885086053042097,1.3885086101823403
4.195,1.3880620413176845,1.3880620409697477,1.3880620457713038
4.2,1.3876432585173522,1.3876432581618958,1.3876432629105397
4.205,1.3872521849956907,1.38725218463282,1.3872521893643088
4.21,1.3868887427212486,1.3868887423510707,1.3868887470730922
4.215,1.3865528479310616,1.3865528475536844,1.3865528522177788
4.22,1.3862444111837273,1.3862444107992598,1.386244415375708
4.225,1.385963337413438,1.3859633370219908,1.3859633415223442
4.23,1.385709525984952,1.3857095255866363,1.3857095300357392
4.235,1.3854828707494833,1.3854828703444122,1.3854828747858172
4.24,1.3852832601014975,1.3852832596897846,1.385283264096638
4.245,1.3851105770363885,1.3851105766181484,1.3851105809451176
4.25,1.3849646992090219,1.384964698784371,1.3849647030225376
4.255,1.384845498993129,1.3848454985621839,1.384845502734545
4.26,1.384752843541527,1.3847528431044054,1.384752847237586
4.265,1.3846865948471505,1.3846865944039717,1.384686598493748
4.2700000000000005,1.3846466098048782,1.3846466093557617,1.3846466133728708
4.275,1.3846327402741292,1.3846327398191955,1.3846327437608599
4.28,1.3846448331422176,1.3846448326815883,1.3846448365659263
4.285,1.3846827303884424,1.3846827299222397,1.3846827337731613
4.29,1.3847462691488945,1.3847462686772416,1.3847462724672275
4.295,1.3848352817819631,1.3848352813049838,1.3848352850132455
4.3,1.3849495959345224,1.3849495954523412,1.3849495990893426
4.305,1.3850890346087772,1.3850890341215196,1.3850890377197225
4.3100000000000005,1.3852534162297538,1.385253415737546,1.3852534192995054
4.315,1.3854425547134113,1.3854425542163795,1.385442557701341
4.32,1.385656259535357,1.3856562590336288,1.3856562624284523
4.325,1.385894335800149,1.385894335293852,1.3858943386173301
4.33,1.3861565843111625,1.386156583800425,1.3861565871120265
4.335,1.3864428016410042,1.386442801125955,1.3864428044173487
4.34,1.3867527802024533,1.3867527796832222,1.3867527828908721
4.345,1.3870863083199136,1.3870863077966304,1.3870863108912033
4.3500000000000005,1.3874431703013534,1.3874431697741478,1.3874431727779806
4.355,1.3878231465107147,1.3878231459797177,1.3878231489495731
4.36,1.3882260134407785,1.388226012906121,1.3882260159107316
4.365,1.388651543786458,1.3886515432482716,1.3886515462193543
4.37,1.3890995065185074,1.3890995059769238,1.3890995088307223
4.375,1.3895696669576265,1.389569666412777,1.3895696691260313
4.38,1.390061786848936,1.3900617863009532,1.3900617889123918
4.385,1.3905756244368157,1.390575623885832,1.390575626475081
4.39,1.391110934540076,1.3911109339862238,1.3911109366626087
4.3950000000000005,1.391667468627449,1.3916674680708612,1.391667470755148
4.4,1.3922449748933803,1.3922449743341894,1.3922449769021321
4.405,1.3928431983341012,1.3928431977724403,1.3928432001600308
4.41,1.3934618808239638,1.3934618802599659,1.3934618824923513
4.415,1.3941007611920198,1.3941007606258178,1.3941007627696365
4.42,1.3947595752988229,1.39475957473055,1.3947595769669519
4.425,1.39543805611344,1.3954380555432289,1.3954380579339651
4.43,1.3961359337906487,1.396135933218632,1.396135935618982
4.4350000000000005,1.396852935748304,1.3968529351746148,1.3968529374174194
4.44,1.397588786744858,1.397588786169629,1.3975887881718037
4.445,1.3983432089570107,1.3983432083803746,1.398343210171772
4.45,1.3991159220574767,1.3991159214795656,1.3991159231540726
4.455,1.3999066432928466,1.3999066427137927,1.3999066444727954
4.46,1.4007150875615286,1.4007150869814642,1.400715089055485
4.465,1.4015409674917512,1.4015409669108074,1.4015409691769687
4.47,1.402383993519605,1.4023839929379132,1.4023839951444976
4.4750000000000005,1.4032438739671131,1.4032438733848045,1.4032438753198762
4.48,1.404120315120308,1.404120314537513,1.4041203161194602
4.485,1.4050130213072962,1.405013020724145,1.4050130220141597
4.49,1.4059216949762965,1.4059216943929191,1.4059216955294365
4.495,1.4068460367736342,1.40684603619016,1.4068460374556468
4.5,1.4077857456216705,1.4077857450382285,1.4077857469505233
4.505,1.4087405187966542,1.4087405182133728,1.4087405207312316
4.51,1.4097100520064763,1.4097100514234835,1.4097100541917136
4.515,1.4106940394683116,1.4106940388857347,1.410694041481008
4.5200000000000005,1.4116921739861301,1.4116921734040961,1.4116921755032503
4.525,1.4127041470280615,1.4127041464466963,1.4127041479176716
4.53,1.4137296488035962,1.4137296482230257,1.4137296491386009
4.535,1.4147683683406092,1.4147683677609582,1.414768368335463
4.54,1.4158199935621847,1.4158199929835775,1.4158199934379312
4.545,1.4168842113632314,1.4168842107857917,1.416884211618269
4.55,1.4179607076868703,1.4179607071107208,1.4179607085499595
4.555,1.419049167600576,1.419049167025839,1.4190491688586035
4.5600000000000005,1.4201492753720646,1.4201492747988609,1.4201492766424932
4.565,1.4212607145448992,1.4212607139733497,1.4212607154726125
4.57,1.4223831680138144,1.4223831674440388,1.422383168392637
4.575,1.423516318099729,1.423516317531846,1.4235163179189347
4.58,1.424659846624441,1.4246598460585684,1.424659846040565
4.585,1.4258134349849885,1.4258134344212436,1.425813434219279
4.59,1.42697676422766,1.426976763666159,1.4269767636388169
4.595,1.4281495151216412,1.4281495145624992,1.4281495150828272
4.6000000000000005,1.429331368232283,1.429331367675614,1.429331368633164
4.605,1.4305220039939766,1.430522003439894,1.4305220045000357
4.61,1.4317211027826233,1.4317211022312395,1.4317211030416501
4.615,1.4329283449876833,1.4329283444391097,1.4329283447642105
4.62,1.4341434110837898,1.4341434105381363,1.4341434103219184
4.625,1.435365981701916,1.4353659811592916,1.4353659805169716
4.63,1.4365957377000815,1.4365957371605944,1.4365957362995656
4.635,1.4378323602335854,1.4378323596973426,1.4378323588754744
4.64,1.4390755308247511,1.439075530291858,1.439075529796468
4.6450000000000005,1.4403249314321724,1.440324930902734,1.4403249306588757
4.65,1.4415802445194477,1.4415802439935672,1.441580243758252
4.655,1.4428411531233896,1.4428411526011693,1.4428411521347044
4.66,1.4441073409216976,1.4441073404032383,1.444107339572896
4.665,1.4453784923000819,1.4453784917854837,1.4453784906020433
4.67,1.4466542924188286,1.44665429190819,1.4466542904959168
4.675,1.4479344272787906,1.4479344267722085,1.447934425296107
4.68,1.4492185837867957,1.4492185832843667,1.4492185820093164
4.6850000000000005,1.4505064498204632,1.450506449322282,1.4505064482480057
4.69,1.4517977142924097,1.4517977137985694,1.4517977127469548
4.695,1.4530920672138428,1.453092066724436,1.4530920655012585
4.7,1.4543891997575278,1.4543891992726448,1.454389197766325
4.705,1.4556888043201133,1.4556888038398437,1.4556888020578767
4.71,1.456990574583814,1.4569905741082463,1.45699057215195
4.715,1.4582942055774353,1.4582942051066554,1.458294203126012
4.72,1.4595993937367262,1.4595993932708198,1.4595993914634613
4.7250000000000005,1.460905836964063,1.4609058365031138,1.4609058348236554
4.73,1.46221323468744,1.4622132342315302,1.4622132325181767
4.735,1.4635212879187696,1.4635212874679806,1.4635212855724442
4.74,1.464829699311478,1.4648296988658889,1.4648296967257128
4.745,1.4661381732173842,1.4661381727770733,1.4661381704310739
4.75,1.467446415742863,1.4674464153079068,1.4674464128554547
4.755,1.468754134804275,1.4687541343747486,1.4687541319886281
4.76,1.4700610401826606,1.4700610397586373,1.4700610375137735
4.765,1.4713668435776865,1.4713668431592388,1.4713668409519463
4.7700000000000005,1.4726712586608433,1.4726712582480412,1.472671255936656
4.775,1.473974001127876,1.4739740007207889,1.47397399821443
4.78,1.4752747887504543,1.4752747883491497,1.475274785644815
4.785,1.4765733414270623,1.4765733410316062,1.4765733382003765
4.79,1.4778693812331096,1.4778693808435661,1.4778693780057561
4.795,1.4791626324702527,1.4791626320866849,1.4791626293676041
4.8,1.4804528217149238,1.4804528213373926,1.4804528186829646
4.805,1.4817396778660565,1.481739677494622,1.4817396747839238
4.8100000000000005,1.483022932192009,1.483022931826729,1.4830229289642234
4.815,1.484302318376669,1.4843023180176,1.4843023149792585
4.82,1.4855775725647482,1.4855775722119449,1.4855775690460793
4.825,1.4868484334062475,1.486848433059763,1.4868484298582458
4.83,1.488114642100098,1.4881146417599842,1.4881146386499065
4.835,1.489375942436968,1.4893759421032748,1.4893759390613541
4.84,1.4906320808412319,1.4906320805140079,1.490632077440857
4.845,1.4918828064120992,1.491882806091391,1.491882802898558
4.8500000000000005,1.4931278709638949,1.4931278706497475,1.4931278673064758
4.855,1.494367029065491,1.494367028757948,1.494367025298504
4.86,1.495600038078886,1.4956000377779892,1.4956000342779683
4.865,1.4968266581969232,1.496826657902713,1.4968266544741475
4.87,1.4980466524801526,1.4980466521926672,1.4980466488246424
4.875,1.499259786892825,1.4992597866121016,1.4992597832230072
4.88,1.5004658303380234,1.500465830064097,1.5004658265778412
4.885,1.5016645546919205,1.501664554424825,1.5016645508127888
4.89,1.5028557348371698,1.5028557345769369,1.5028557308665387
4.8950000000000005,1.5040391486954166,1.5040391484420768,1.5040391446992798
4.9,1.5052145772589371,1.5052145770125192,1.505214573329394
4.905,1.506381804621399,1.5063818043819297,1.5063818007470549
4.91,1.5075406180077398,1.5075406177752444,1.5075406141209862
4.915,1.5086908078031658,1.5086908075776682,1.5086908038423676
4.92,1.5098321675812696,1.5098321673627917,1.5098321635248346
4.925,1.510964494131262,1.5109644939198243,1.5109644900044772
4.93,1.5120875874843218,1.5120875872799426,1.5120875833476366
4.9350000000000005,1.513201250939058,1.5132012507417547,1.5132012468612432
4.94,1.5143052910860892,1.5143052908958776,1.5143052870497176
4.945,1.515399517831739,1.5153995176486321,1.515399513781241
4.95,1.5164837444208383,1.516483744244849,1.5164837403095535
4.955,1.5175577874586534,1.517557787289792,1.5175577832739524
4.96,1.518621466931919,1.5186214667701945,1.5186214626992938
4.965,1.519674606228993,1.5196746060744126,1.5196746020048006
4.97,1.5207170321591255,1.520717032011695,1.5207170279855267
4.9750000000000005,1.5217485749708457,1.5217485748305688,1.5217485708252685
4.98,1.5227690683694652,1.5227690682363446,1.5227690642082132
4.985,1.523778349533706,1.5237783494077426,1.523778345324572
4.99,1.5247762591314444,1.5247762590126375,1.5247762548705805
4.995,1.5257626413345822,1.525762641222929,1.5257626370484985
5.0,1.526737343833039,1.5267373437285359,1.5267373395709352
5.005,1.527700217847876,1.5277002177505177,1.5277002136260265
5.01,1.5286511181435465,1.5286511180533255,1.5286511139388892
5.015,1.5295899030392777,1.5295899029561855,1.529589898820283
5.0200000000000005,1.5305164344195885,1.5305164343436153,1.5305164301667367
5.025,1.5314305777439454,1.5314305776750792,1.5314305734605478
5.03,1.5323322020555556,1.5323322019937833,1.5323321977699023
5.035,1.5332211799893072,1.5332211799346134,1.5332211757336256
5.04,1.5340973877788515,1.534097387731221,1.5340973835529896
5.045,1.5349607052628436,1.5349607052222578,1.534960701048348
5.05,1.535811015890327,1.5358110158567666,1.5358110116670056
5.055,1.5366482067252836,1.536648206698728,1.536648202483221
5.0600000000000005,1.5374721684503427,1.5374721684307695,1.5374721641982052
5.065,1.5382827953696556,1.5382827953570417,1.5382827911331676
5.07,1.539079985410944,1.5390799854052635,1.5390799812013316
5.075,1.539863640126717,1.5398636401279433,1.5398636359403624
5.08,1.5406336646946737,1.5406336647027792,1.5406336605202766
5.085,1.5413899679172887,1.5413899679322436,1.5413899637430626
5.09,1.5421324622205836,1.5421324622423571,1.5421324580426792
5.095,1.542861063652098,1.542861063680658,1.5428610594838912
5.1000000000000005,1.5435756918780565,1.5435756919133692,1.5435756877293387
5.105,1.5442762701797426,1.5442762702217732,1.5442762660546052
5.11,1.5449627254490832,1.5449627254977953,1.5449627213476573
5.115,1.5456349881834495,1.5456349882388052,1.5456349840999075
5.12,1.5462929924796789,1.5462929925416393,1.5462929884062144
5.125,1.546936676027328,1.5469366760958527,1.5469366719648818
5.13,1.5475659801011572,1.5475659801762047,1.5475659760564497
5.135,1.5481808495528582,1.5481808496343856,1.548180845526617
5.14,1.5487812328020274,1.5487812328899901,1.548781228802951
5.1450000000000005,1.5493670818263923,1.5493670819207452,1.5493670778578084
5.15,1.5499383521513,1.5499383522519965,1.5499383482077536
5.155,1.5504950028384723,1.550495002945464,1.550494998913557
5.16,1.5510369964740327,1.551036996587271,1.551036992569905
5.165,1.5515642991558178,1.5515642992752523,1.5515642952653164
5.17,1.5520768804799743,1.5520768806055534,1.552076876615287
5.175,1.5525747135268522,1.552574713658523,1.5525747097000828
5.18,1.5530577748462007,1.5530577749839098,1.553057771057253
5.1850000000000005,1.553526044441675,1.5535260445853676,1.5535260406816311
5.19,1.5539795057546606,1.5539795059042805,1.553979502020714
5.195,1.5544181456474226,1.5544181458029127,1.5544181419251484
5.2,1.5548419543855894,1.5548419545468914,1.5548419506867506
5.205,1.555250925619977,1.5552509257870317,1.5552509219633643
5.21,1.5556450563677626,1.55564505654051,1.5556450527587369
5.215,1.5560243469930175,1.5560243471713961,1.5560243434225194
5.22,1.5563888011866025,1.55638880137055,1.5563887976476567
5.2250000000000005,1.55673842594544,1.556738426134893,1.5567384224183876
5.23,1.5570732315511668,1.5570732317460612,1.5570732280469393
5.235,1.5573932315481787,1.5573932317484493,1.557393228089987
5.24,1.5576984427210747,1.5576984429266556,1.557698439317712
5.245,1.5579888850715087,1.5579888852823323,1.5579888817138026
5.25,1.5582645817944565,1.5582645820104553,1.558264578472143
5.255,1.558525559253913,1.558525559475018,1.5585255559440863
5.26,1.5587718469580185,1.5587718471841603,1.5587718436741016
5.265,1.5590034775336326,1.5590034777647404,1.5590034743011043
5.2700000000000005,1.5592204867003576,1.5592204869363602,1.559220483527797
5.275,1.5594229132440258,1.5594229134848514,1.5594229101206711
5.28,1.5596107989896573,1.5596107992352326,1.559610795901508
5.285,1.5597841887738952,1.5597841890241468,1.559784185699944
5.29,1.5599431304169342,1.5599431306717875,1.559943127377363
5.295,1.5600876746939443,1.5600876749533241,1.5600876717130394
5.3,1.5602178753060048,1.5602178755698355,1.5602178723870535
5.305,1.5603337888505548,1.5603337891187599,1.5603337859802893
5.3100000000000005,1.5604354747913716,1.5604354750638736,1.5604354719497453
5.315,1.5605229954280833,1.5605229957048048,1.5605229926090185
5.32,1.5605964158652323,1.5605964161460948,1.560596413094838
5.325,1.560655803980889,1.5606558042658136,1.5606558012750478
5.33,1.560701230394836,1.560701230683743,1.560701227746705
5.335,1.5607327684363244,1.5607327687291332,1.5607327658308086
5.34,1.5607504941114159,1.5607504944080464,1.5607504915300752
5.345,1.5607544860699218,1.5607544863702927,1.5607544835314626
5.3500000000000005,1.5607448255719436,1.5607448258759733,1.5607448230955072
5.355,1.5607215964540304,1.5607215967616366,1.5607215940375943
5.36,1.5606848850949602,1.56068488540606,1.5606848827253914
5.365,1.5606347803811542,1.5606347806956649,1.5606347780428707
5.37,1.5605713736717388,1.560571373989577,1.5605713713799303
5.375,1.5604947587632594,1.5604947590843408,1.5604947565319736
5.38,1.560405031854057,1.5604050321782978,1.5604050296788212
5.385,1.5603022915083247,1.56030229183564,1.5603022893694292
5.39,1.5601866386198413,1.5601866389501462,1.560186636501674
5.3950000000000005,1.5600581763754056,1.5600581767086148,1.5600581743060893
5.4,1.559917010217971,1.559917010553999,1.55991700821931
5.405,1.5597632478094967,1.5597632481482577,1.5597632458767838
5.41,1.559596998993522,1.55959699933493,1.5595969971067225
5.415,1.5594183757574758,1.5594183761014444,1.5594183738733278
5.42,1.559227492194731,1.5592274925411735,1.559227490335483
5.425,1.559024464466412,1.5590244648152418,1.5590244626751435
5.43,1.5588094107629684,1.5588094111140989,1.5588094090573346
5.4350000000000005,1.5585824512655233,1.5585824516188673,1.5585824496301517
5.44,1.5583437081070053,1.5583437084624754,1.5583437065090573
5.445,1.5580933053330748,1.558093305690584,1.558093303713221
5.45,1.557831368862857,1.5578313692223178,1.5578313672529802
5.455,1.5575580264494877,1.5575580268108127,1.5575580249100136
5.46,1.5572734076404846,1.5572734080035862,1.5572734062041542
5.465,1.5569776437379526,1.5569776441027432,1.5569776423933888
5.47,1.5566708677586334,1.5566708681250259,1.556670866473808
5.4750000000000005,1.556353214393812,1.556353214761718,1.5563532130812576
5.48,1.5560248199690814,1.5560248203384142,1.556024818606174
5.485,1.5556858224039898,1.5556858227746615,1.5556858210631985
5.49,1.5553363611715634,1.5553363615434868,1.5553363599300718
5.495,1.5549765772577286,1.5549765776308162,1.5549765761476342
5.5,1.5546066131206344,1.5546066134947996,1.5546066121198259
5.505,1.5542266126498907,1.554226613025046,1.554226611713687
5.51,1.5538367211257256,1.5538367215017836,1.553836720132282
5.515,1.5534370851780772,1.5534370855549517,1.553437084066491
5.5200000000000005,1.5530278527456298,1.5530278531232338,1.5530278516008325
5.525,1.5526091730347953,1.5526091734130427,1.5526091719746236
5.53,1.5521811964786627,1.5521811968574672,1.5521811955818938
5.535,1.5517440746959126,1.551744075075188,1.5517440739713853
5.54,1.5512979604497135,1.5512979608293744,1.5512979598465528
5.545,1.5508430076066084,1.5508430079865694,1.5508430070589219
5.55,1.550379371095398,1.5503793714755738,1.5503793703705584
5.555,1.549907206866032,1.549907207246338,1.5499072058844285
5.5600000000000005,1.5494266718485186,1.54942667222887,1.5494266707309698
5.565,1.5489379239118577,1.5489379242921706,1.5489379228439204
5.57,1.5484411218230107,1.5484411222032013,1.548441120960318
5.575,1.5479364252059145,1.5479364255858992,1.5479364246205003
5.58,1.5474239945005466,1.5474239948802424,1.5474239941681058
5.585,1.5469039909220546,1.5469039913013791,1.5469039907500723
5.59,1.5463765764199544,1.5463765767988253,1.5463765763061605
5.595,1.5458419136374082,1.5458419140157436,1.5458419131991628
5.6000000000000005,1.5453001658705898,1.545300166248309,1.54530016491822
5.605,1.5447514970281508,1.5447514974051724,1.5447514956854211
5.61,1.5441960715907834,1.5441960719670271,1.5441960701260136
5.615,1.543634054570905,1.5436340549462915,1.5436340532684045
5.62,1.5430656114724615,1.5430656118469108,1.5430656105441602
5.625,1.5424909082508584,1.5424909086242924,1.542490907788007
5.63,1.5419101112730356,1.541910111645376,1.5419101112378297
5.635,1.5413233872776835,1.5413233876488528,1.5413233875346728
5.64,1.540730903335618,1.5407309037055388,1.5407309037227404
5.6450000000000005,1.5401328268103136,1.5401328271789099,1.5401328271458448
5.65,1.5395293253186118,1.5395293256858078,1.5395293254435292
5.655,1.5389205666916042,1.5389205670573243,1.5389205666667192
5.66,1.5383067189357016,1.5383067192998716,1.5383067189150486
5.665,1.5376879501938996,1.5376879505564458,1.5376879503262821
5.67,1.5370644287072426,1.5370644290680915,1.537064429076316
5.675,1.5364363227764963,1.5364363231355755,1.5364363233791787
5.68,1.5358038007240375,1.5358038010812753,1.5358038014870294
5.6850000000000005,1.535167030855967,1.5351670312112922,1.5351670316867856
5.69,1.534526181424451,1.5345261817777933,1.534526182125167
5.695,1.5338814205903017,1.5338814209415916,1.533881421097402
5.7,1.5332329163858023,1.5332329167349705,1.5332329168018437
5.705,1.53258083667778,1.5325808370247587,1.5325808371549912
5.71,1.5319253491309426,1.5319253494756644,1.5319253497914918
5.715,1.5312666211714752,1.5312666215138733,1.5312666220641395
5.72,1.5306048199509084,1.5306048202909177,1.530604821043877
5.7250000000000005,1.529940112310269,1.529940112647824,1.5299401135197925
5.73,1.5292726647445076,1.5292726650795443,1.529272665960187
5.735,1.528602643367222,1.5286026436996774,1.5286026444516314
5.74,1.5279302138756763,1.5279302142054876,1.5279302148594418
5.745,1.52725554151612,1.5272555418432259,1.527255542510858
5.75,1.5265787910494193,1.5265787913737587,1.5265787921641023
5.755,1.5259001267169996,1.5259001270385129,1.5259001280083777
5.76,1.5252197122071112,1.5252197125257394,1.525219713663869
5.765,1.524537710621419,1.524537710937104,1.5245377121817425
5.7700000000000005,1.5238542844419238,1.5238542847546086,1.523854286017685
5.775,1.523169595498222,1.52316959580785,1.5231695969764094
5.78,1.5224838049351042,1.52248380524162,1.522483806341958
5.785,1.521797073180505,1.5217970734838548,1.5217970746085594
5.79,1.521109559913805,1.5211095602139346,1.5211095614493821
5.795,1.520421424034485,1.5204214243313423,1.5204214257165327
5.8,1.5197328236311511,1.5197328239246843,1.5197328254410567
5.805,1.5190439159509204,1.5190439162410785,1.5190439178329385
5.8100000000000005,1.5183548573691796,1.5183548576559134,1.5183548592318723
5.815,1.5176658033597246,1.5176658036429853,1.5176658051417693
5.82,1.516976908465275,1.5169769087450151,1.516976910216411
5.825,1.516288326268378,1.5162883265445501,1.516288328070096
5.83,1.5156002093626975,1.5156002096352568,1.5156002112743232
5.835,1.5149127093247041,1.5149127095936052,1.514912711357793
5.84,1.5142259766857535,1.514225976950953,1.5142259788064059
5.845,1.513540160904574,1.5135401611660289,1.513540163054744
5.8500000000000005,1.5128554103401541,1.5128554105978227,1.5128554124319802
5.855,1.5121718722250423,1.512171872478884,1.5121718742675643
5.86,1.5114896926390573,1.5114896928890322,1.5114896946969238
5.865,1.5108090164834147,1.5108090167294845,1.5108090186186633
5.87,1.5101299874552738,1.5101299876974006,1.510129989694564
5.875,1.509452748022704,1.5094527482608515,1.509452750349584
5.88,1.5087774394000808,1.5087774396342135,1.5087774417716866
5.885,1.5081042015239063,1.5081042017539896,1.508104203863016
5.89,1.5074331730290633,1.5074331732550637,1.5074331753175043
5.8950000000000005,1.5067644912255018,1.5067644914473872,1.5067644935110294
5.9,1.5060982920753656,1.5060982922931043,1.5060982944148569
5.905,1.5054347101705525,1.5054347103841144,1.5054347125956407
5.91,1.5047738787107212,1.5047738789200769,1.5047738812154225
5.915,1.5041159294817392,1.5041159296868607,1.504115932031633
5.92,1.5034609928345786,1.5034609930354386,1.5034609953685074
5.925,1.502809197664658,1.5028091978612306,1.502809200153141
5.93,1.502160671391636,1.5021606715838962,1.5021606738697728
5.9350000000000005,1.501515539939657,1.5015155401275806,1.501515542456391
5.94,1.5008739277180478,1.5008739279016126,1.50087393030395
5.945,1.5002359576024746,1.5002359577816582,1.5002359602563684
5.95,1.49960175091655,1.4996017510913324,1.49960175361053
5.955,1.4989714274139057,1.4989714275842667,1.4989714300973163
5.96,1.4983451052607173,1.4983451054266386,1.498345107905266
5.965,1.4977229010186954,1.4977229011801596,1.4977229036517017
5.97,1.4971049296285361,1.4971049297855266,1.4971049322906274
5.9750000000000005,1.496491304393833,1.4964913045463342,1.496491307111255
5.98,1.4958821369654551,1.4958821371134527,1.4958821397380044
5.985,1.4952775373263867,1.4952775374698677,1.4952775401305023
5.99,1.4946776137770341,1.4946776139159863,1.4946776165915865
5.995,1.4940824729209963,1.4940824730554083,1.494082475746021
6.0,1.493492219651301,1.4934922197811633,1.4934922224864209
